id,TotalPop,PopDevPct,DemPct,RepPct,WhitePct,MinorityPct,BlackPct,HispanicPct,PacificPct,AsianPct,NativePct,TotalVAP,Margin,DemPct2,RepPct2,Margin2,Swing,Majority
AK-01,18068,-0.01455022,0.54989281,0.40567141,0.68388139,0.31611861,0.01770658,0.05016863,0.01988477,0.08249016,0.16266161,14232,0.1442214,0.56405405,0.39630631,0.16774774,-0.02352634,White
AK-02,17602,-0.0399664,0.66019618,0.29571502,0.64420311,0.35579689,0.02100115,0.05516398,0.01452819,0.09141254,0.19390104,13904,0.36448116,0.66443679,0.303394,0.36104279,0.00343837,White
AK-03,17929,-0.02213144,0.37641565,0.58260362,0.64097277,0.35902723,0.01550167,0.0389675,0.00839081,0.08746356,0.21432127,14063,-0.20618797,0.38780207,0.57275866,-0.18495659,-0.02123138,White
AK-04,18687,0.01921076,0.49860946,0.45341677,0.57774578,0.42225422,0.01302619,0.03805019,0.00644454,0.0520362,0.32332374,14586,0.04519269,0.52732575,0.43796444,0.08936131,-0.04416862,White
AK-05,18824,0.0266829,0.41396055,0.51229135,0.26061527,0.73938473,0.02149639,0.0414736,0.02354728,0.04671477,0.61959742,13165,-0.0983308,0.49615385,0.44004525,0.0561086,-0.1544394,Native
AK-06,18414,0.00432102,0.51968864,0.39903846,0.11514789,0.88485211,0.00760814,0.01145495,0.00341939,0.01487434,0.85689862,11698,0.12065018,0.59900717,0.33517191,0.26383526,-0.14318508,Native
AK-07,17422,-0.04978381,0.51012753,0.39009752,0.1105403,0.8894597,0.01045173,0.0108946,0.0020372,0.01948627,0.85376439,11290,0.12003001,0.60591543,0.331181,0.27473443,-0.15470442,Native
AK-08,17696,-0.03483953,0.43566484,0.51396515,0.25270551,0.74729449,0.04988175,0.1009102,0.02078406,0.16491077,0.42607325,13953,-0.07830031,0.51952299,0.43835353,0.08116946,-0.15946977,Native
AK-09,17967,-0.02005888,0.5211893,0.4283232,0.65519485,0.34480515,0.01388186,0.02393175,0.00195214,0.02075049,0.27640807,13831,0.0928661,0.56100268,0.39228564,0.16871704,-0.07585094,White
AK-10,18506,0.00933881,0.48568893,0.46971378,0.66197085,0.33802915,0.05031228,0.05891742,0.00777238,0.06599584,0.15857044,14410,0.01597515,0.50041511,0.45651723,0.04389788,-0.02792273,White
AK-11,17973,-0.01973163,0.44915489,0.50886672,0.54688393,0.45311607,0.09691252,0.07325615,0.01579474,0.06911092,0.2109777,13992,-0.05971183,0.45800165,0.49533352,-0.03733187,-0.02237996,White
AK-12,18265,-0.00380561,0.30812417,0.64811757,0.67405342,0.32594658,0.07873496,0.11791899,0.01181391,0.04285295,0.06626064,13628,-0.3399934,0.32681522,0.62028195,-0.29346673,-0.04652667,White
AK-13,18324,-0.00058768,0.2279054,0.73882539,0.75155886,0.24844114,0.03643603,0.0537901,0.00916535,0.04545113,0.09954173,13311,-0.51091999,0.22646485,0.72422887,-0.49776402,-0.01315597,White
AK-14,18390,0.00301204,0.27264121,0.69412012,0.76249286,0.23750714,0.02905483,0.05718161,0.00685323,0.03590805,0.10372644,14008,-0.42147891,0.27751491,0.67907838,-0.40156347,-0.01991544,White
AK-15,19132,0.04348158,0.25588563,0.70952829,0.82629545,0.17370455,0.01209562,0.0288434,0.00357859,0.02311766,0.09189808,13972,-0.45364266,0.24605794,0.71800513,-0.47194719,0.01830453,White
AK-16,17912,-0.02305864,0.24922696,0.71985158,0.75993574,0.24006426,0.01829992,0.02828805,0.01019767,0.02025564,0.15974017,14317,-0.47062462,0.27824726,0.69097548,-0.41272822,-0.0578964,White
AK-17,18364,0.00159397,0.19945413,0.77031283,0.78983025,0.21016975,0.01370176,0.04072467,0.00631803,0.02519601,0.11973814,13137,-0.5708587,0.19997681,0.76037561,-0.5603988,-0.0104599,White
AK-18,17795,-0.02943996,0.2138832,0.7553791,0.77522792,0.22477208,0.01909777,0.04212512,0.009431,0.03237975,0.12000943,12724,-0.5414959,0.22086871,0.74492433,-0.52405562,-0.01744028,White
AK-19,18077,-0.01405935,0.22116474,0.74439157,0.77125315,0.22874685,0.02392947,0.04691436,0.01046914,0.03172229,0.11649874,12704,-0.52322683,0.20618081,0.7533441,-0.54716329,0.02393646,White
AK-20,18418,0.00453919,0.30392575,0.65532323,0.78164127,0.21835873,0.02360839,0.04797104,0.00995625,0.03182984,0.1075577,13258,-0.35139748,0.29003757,0.67177821,-0.38174064,0.03034316,White
AK-21,18588,0.01381119,0.4143508,0.54567198,0.57483324,0.42516676,0.02098388,0.06121456,0.0118816,0.17044191,0.1692607,14392,-0.13132118,0.40855457,0.55060132,-0.14204675,0.01072557,White
AK-22,17835,-0.02725831,0.40692335,0.54742141,0.84442724,0.15557276,0.00788066,0.02758232,0.00436251,0.01977202,0.08211371,14212,-0.14049806,0.43598127,0.53079438,-0.09481311,-0.04568495,White
AK-23,17446,-0.04847482,0.26000821,0.70817081,0.78398609,0.21601391,0.01081204,0.03735067,0.0070316,0.02653864,0.13171027,13226,-0.4481626,0.25473268,0.71104639,-0.45631371,0.00815111,White
AK-24,17408,-0.05054739,0.20638997,0.76915965,0.81202731,0.18797269,0.01116088,0.02959101,0.00616785,0.02401057,0.10595492,13619,-0.56276968,0.21272148,0.75920764,-0.54648616,-0.01628352,White
AK-25,18141,-0.01056871,0.45588666,0.4988764,0.77140584,0.22859416,0.01627133,0.0513451,0.00766561,0.05749205,0.0950969,13828,-0.04298974,0.46443591,0.49744012,-0.03300421,-0.00998553,White
AK-26,17781,-0.03020353,0.32724117,0.63273433,0.75720103,0.24279897,0.02925652,0.06137837,0.00776655,0.04267833,0.0950837,13262,-0.30549316,0.32418759,0.62881884,-0.30463125,-0.000861910000000021,White
AK-27,17632,-0.03833017,0.36005626,0.59985935,0.70516599,0.29483401,0.07500776,0.10277692,0.0097735,0.05134967,0.06089047,12892,-0.23980309,0.3773013,0.57667265,-0.19937135,-0.04043174,White
AK-28,19065,0.03982732,0.44456856,0.52145583,0.72937822,0.27062178,0.03032411,0.0593963,0.01321463,0.07622757,0.09319794,14378,-0.07688727,0.45071386,0.52167222,-0.07095836,-0.00592891,White
AK-29,18887,0.030119,0.46736842,0.49705263,0.62318434,0.37681566,0.0359273,0.08378359,0.01845485,0.14146376,0.1051856,14251,-0.02968421,0.46471535,0.50800417,-0.04328882,0.01360461,White
AK-30,19006,0.03660939,0.47094361,0.49462984,0.6641791,0.3358209,0.04024271,0.06479286,0.01499512,0.11347468,0.11110336,14338,-0.02368623,0.44891355,0.52159038,-0.07267683,0.0489906,White
AK-31,18701,0.01997434,0.49371817,0.47277872,0.54529482,0.45470518,0.05284981,0.08187504,0.028463,0.16712348,0.13781713,14229,0.02093945,0.49380933,0.47193562,0.02187371,-0.000934259999999965,White
AK-32,18615,0.0152838,0.51052706,0.44835382,0.50720733,0.49279267,0.0693116,0.08857605,0.04647717,0.15485653,0.15950424,14846,0.06217324,0.51776522,0.44118016,0.07658506,-0.01441182,White
AK-33,19168,0.04544506,0.47620603,0.48350212,0.56284265,0.43715735,0.04680647,0.07216283,0.03618421,0.14967105,0.15056195,14592,-0.00729609,0.49444563,0.47212134,0.02232429,-0.02962038,White
AK-34,18265,-0.00380561,0.56208699,0.39826413,0.65873071,0.34126929,0.03469943,0.05906584,0.02352859,0.12420582,0.10514557,14323,0.16382286,0.55569877,0.41299945,0.14269932,0.02112354,White
AK-35,19230,0.04882661,0.60062383,0.35895197,0.52007917,0.47992083,0.07227223,0.08140203,0.04743663,0.13349933,0.15846262,15663,0.24167186,0.60186571,0.36139583,0.24046988,0.00120197999999994,White
AK-36,18326,-0.0004786,0.5382836,0.41996299,0.58508631,0.41491369,0.08477182,0.06534349,0.03473338,0.10678594,0.14319659,14309,0.11832061,0.5194332,0.43997976,0.07945344,0.03886717,White
AK-37,18889,0.03022808,0.49828131,0.46363261,0.4555691,0.5444309,0.1171197,0.0850606,0.05479452,0.13935308,0.17944488,13943,0.0346487,0.51079672,0.4558203,0.05497642,-0.02032772,Minority
AK-38,18550,0.01173862,0.50952694,0.44957293,0.41800043,0.58199957,0.12258666,0.10177277,0.07708318,0.14655853,0.17275533,13933,0.05995401,0.54560333,0.41303377,0.13256956,-0.07261555,Minority
AK-39,19019,0.03731843,0.58124539,0.37490789,0.36159837,0.63840163,0.13538103,0.11609287,0.09986171,0.14971978,0.17373899,13739,0.2063375,0.60956983,0.35208853,0.2574813,-0.0511438,Minority
AK-40,19074,0.04031819,0.58703879,0.37133396,0.56516251,0.43483749,0.09447775,0.0897444,0.03774061,0.07005364,0.15607447,15845,0.21570483,0.60149422,0.36199605,0.23949817,-0.02379334,White
IA-001,30573,-0.0417096,0.34850727,0.63378413,0.93647632,0.06352368,0.00911908,0.02169101,0.00110668,0.00991589,0.01155378,22590,-0.28527686,0.36280756,0.61731107,-0.25450351,-0.03077335,White
IA-002,30464,-0.04512613,0.3949594,0.58622235,0.92741517,0.07258483,0.01229224,0.02709488,0.00103878,0.00965201,0.01584141,23104,-0.19126295,0.41532558,0.56291163,-0.14758605,-0.0436769,White
IA-003,31099,-0.02522247,0.49314466,0.48962534,0.7755505,0.2244495,0.06700434,0.09408937,0.00145942,0.03721509,0.02283556,23297,0.00351932,0.51786087,0.4576283,0.06023257,-0.05671325,White
IA-004,31870,-0.00105599,0.62771712,0.3514311,0.56854312,0.43145688,0.12629138,0.20822264,0.00215054,0.07585916,0.02715581,23715,0.27628602,0.66675406,0.30991085,0.35684321,-0.08055719,White
IA-005,33393,0.04668143,0.61671621,0.36504051,0.76586009,0.23413991,0.08026989,0.05234993,0.00127966,0.084962,0.01050876,25788,0.2516757,0.63293264,0.34502924,0.2879034,-0.0362277,White
IA-006,31172,-0.02293434,0.56800361,0.41162686,0.5988691,0.4011309,0.17805365,0.13205221,0.00182815,0.07542196,0.02049233,23521,0.15637675,0.60150012,0.37349786,0.22800226,-0.07162551,White
IA-007,32713,0.02536729,0.77124745,0.20941227,0.8200262,0.1799738,0.07097136,0.05105746,0.00134756,0.0380685,0.01684447,26715,0.56183518,0.76639221,0.21282257,0.55356964,0.00826553999999979,White
IA-008,30806,-0.03440636,0.64952571,0.33250125,0.71546059,0.28453941,0.12477323,0.09207821,0.00197541,0.04745011,0.01850433,24805,0.31702446,0.65943701,0.3168963,0.34254071,-0.02551625,White
IA-009,31588,-0.00989509,0.57636761,0.40866521,0.63600969,0.36399031,0.10187749,0.16131684,0.00095172,0.08042049,0.02586953,23116,0.1677024,0.6020797,0.37537704,0.22670266,-0.05900026,White
IA-010,32432,0.01655953,0.48449077,0.50113023,0.70707279,0.29292721,0.06528728,0.13275905,0.00168989,0.07579754,0.02172121,24262,-0.01663946,0.51798652,0.46084546,0.05714106,-0.07378052,White
IA-011,30772,-0.03547207,0.49741017,0.48419122,0.87085218,0.12914782,0.03694416,0.03658591,0.0009404,0.03945188,0.01128476,22331,0.01321895,0.51111233,0.4675959,0.04351643,-0.03029748,White
IA-012,33087,0.03709007,0.53414396,0.44712944,0.83572879,0.16427121,0.05083232,0.03751523,0.00117743,0.06118555,0.01043443,24630,0.08701452,0.54080499,0.43899085,0.10181414,-0.01479962,White
IA-013,31433,-0.01475347,0.56666139,0.41599452,0.82823848,0.17176152,0.04612039,0.05810184,0.00102581,0.04952608,0.01177629,24371,0.15066687,0.57851621,0.40212995,0.17638626,-0.02571939,White
IA-014,30440,-0.04587839,0.59060278,0.39146832,0.76752939,0.23247061,0.06512729,0.07282416,0.00143788,0.07180919,0.01404043,23646,0.19913446,0.59585733,0.38418572,0.21167161,-0.01253715,White
IA-015,31496,-0.01277877,0.4693599,0.51344343,0.89532156,0.10467844,0.02646838,0.02846014,0.00101801,0.03031913,0.01079981,22593,-0.04408353,0.47757776,0.50111845,-0.02354069,-0.02054284,White
IA-016,33260,0.04251264,0.49702181,0.48578236,0.88442672,0.11557328,0.02987039,0.03649053,0.00163509,0.02791625,0.01220339,25075,0.01123945,0.50457125,0.47062842,0.03394283,-0.02270338,White
IA-017,33327,0.04461271,0.42029572,0.56298593,0.9068579,0.0931421,0.02604682,0.03053907,0.00144247,0.01529014,0.01471316,24264,-0.14269021,0.43258427,0.54565239,-0.11306812,-0.02962209,White
IA-018,33354,0.045459,0.40476838,0.57846606,0.91485876,0.08514124,0.02289344,0.02704862,0.00131847,0.01086739,0.01737984,25029,-0.17369768,0.42664447,0.55114223,-0.12449776,-0.04919992,White
IA-019,31671,-0.00729351,0.35011279,0.63213819,0.92315639,0.07684361,0.02185315,0.02356167,0.00170852,0.01315162,0.01251589,25168,-0.2820254,0.37553116,0.60711756,-0.2315864,-0.050439,White
IA-020,32828,0.02897188,0.33008349,0.65114585,0.87735397,0.12264603,0.00909671,0.05442068,0.0018752,0.00730131,0.05114906,25064,-0.32106236,0.36091492,0.62061284,-0.25969792,-0.06136444,White
IA-021,32836,0.02922264,0.57437648,0.40257285,0.81852509,0.18147491,0.03134086,0.04013896,0.02182532,0.09111505,0.0121965,26483,0.17180363,0.58655237,0.38767817,0.1988742,-0.02707057,White
IA-022,31229,-0.02114771,0.46337057,0.51790407,0.68709747,0.31290253,0.02766371,0.22368705,0.00125351,0.04417549,0.02135293,23135,-0.0545335,0.49687572,0.48167862,0.0151971,-0.0697306,White
IA-023,31733,-0.00535016,0.46872649,0.51142741,0.86015957,0.13984043,0.02925416,0.04175763,0.00051602,0.04469495,0.0154408,25193,-0.04270092,0.48924762,0.47788988,0.01135774,-0.05405866,White
IA-024,32114,0.00659203,0.60892842,0.36685611,0.78029336,0.21970664,0.04317515,0.06260569,0.0245384,0.10194996,0.01018119,28975,0.24207231,0.682028,0.28505486,0.39697314,-0.15490083,White
IA-025,31624,-0.0087667,0.39009112,0.5904328,0.85452064,0.14547936,0.01492209,0.09481468,0.00110045,0.0159345,0.01540629,22718,-0.20034168,0.41707288,0.56188325,-0.14481037,-0.05553131,White
IA-026,30724,-0.0369766,0.38022222,0.5995,0.94225053,0.05774947,0.01133758,0.01923567,0.00084926,0.00658174,0.01558386,23550,-0.21927778,0.40909347,0.56839795,-0.15930448,-0.0599733,White
IA-027,32710,0.02527325,0.48615998,0.49527362,0.86252626,0.13747374,0.02941176,0.03728992,0.00170693,0.0557598,0.00936625,22848,-0.00911364,0.49827311,0.48177741,0.0164957,-0.02560934,White
IA-028,31335,-0.01782521,0.52745537,0.45437985,0.80598287,0.19401713,0.04265564,0.03992841,0.00119316,0.09562364,0.01005668,23467,0.07307552,0.53137594,0.44807139,0.08330455,-0.01022903,White
IA-029,31721,-0.0057263,0.39623393,0.58662947,0.8829486,0.1170514,0.02419978,0.02870505,0.00090106,0.04496696,0.01480306,23306,-0.19039554,0.42195425,0.55894835,-0.1369941,-0.05340144,White
IA-030,31631,-0.00854729,0.35439195,0.6273904,0.94525904,0.05474096,0.00700554,0.02028348,0.00093679,0.00578364,0.01449984,24552,-0.27299845,0.3846399,0.59809858,-0.21345868,-0.05953977,White
IA-031,33040,0.03561688,0.28632696,0.69798544,0.94410942,0.05589058,0.00595168,0.02427969,0.00201017,0.00764653,0.01190335,25371,-0.41165848,0.31178769,0.66986866,-0.35808097,-0.05357751,White
IA-032,33463,0.04887554,0.29026217,0.69391084,0.88128513,0.11871487,0.00562149,0.092208,0.00144441,0.00585572,0.01342911,25616,-0.40364867,0.31655216,0.66601235,-0.34946019,-0.05418848,White
IA-033,30612,-0.04048717,0.42248795,0.55847721,0.93573296,0.06426704,0.01393202,0.02304298,0.00085798,0.0109495,0.01156235,24476,-0.13598926,0.44155921,0.53901004,-0.09745083,-0.03853843,White
IA-034,32497,0.01859691,0.32373324,0.65962281,0.93501906,0.06498094,0.00642183,0.03921333,0.00108368,0.00525788,0.01071644,24915,-0.33588957,0.35778889,0.62754901,-0.26976012,-0.06612945,White
IA-035,31174,-0.02287165,0.34028913,0.64399749,0.93674293,0.06325707,0.01497308,0.02178668,0.0011356,0.01383748,0.01017833,23776,-0.30370836,0.36694576,0.61752215,-0.25057639,-0.05313197,White
IA-036,32018,0.00358297,0.37048537,0.61377131,0.9429582,0.0570418,0.01215645,0.02195479,0.00052854,0.00975768,0.01053017,24596,-0.24328594,0.39721818,0.5840207,-0.18680252,-0.05648342,White
IA-037,32780,0.02746736,0.45455091,0.53086938,0.79473369,0.20526631,0.13588669,0.03462996,0.0031917,0.01667664,0.01547975,25065,-0.07631847,0.48960194,0.49184861,-0.00224667,-0.0740718,White
IA-038,32706,0.02514787,0.54063927,0.44058219,0.87662289,0.12337711,0.04335174,0.02555589,0.00298463,0.03514401,0.01134159,26804,0.10005708,0.5717663,0.40712597,0.16464033,-0.06458325,White
IA-039,32489,0.01834615,0.54490274,0.43761884,0.75977587,0.24022413,0.13765697,0.0460976,0.00981561,0.03151327,0.01780321,25164,0.1072839,0.58386535,0.39627265,0.1875927,-0.0803088,White
IA-040,33169,0.0396603,0.4519774,0.53313393,0.8000706,0.1999294,0.10127873,0.05009022,0.00596219,0.02851651,0.01518004,25494,-0.08115653,0.49721195,0.48392958,0.01328237,-0.0944389,White
IA-041,33433,0.04793521,0.30724959,0.67696288,0.96144616,0.03855384,0.00754819,0.0125029,0.00092901,0.00503213,0.00990942,25834,-0.36971329,0.33047142,0.65277851,-0.32230709,-0.0474062,White
IA-042,33450,0.04846806,0.34691646,0.63892064,0.95665451,0.04334549,0.00852633,0.01518877,0.00099143,0.00908154,0.00682107,25216,-0.29200418,0.36697017,0.61803914,-0.25106897,-0.04093521,White
IA-043,33245,0.04204247,0.3345555,0.64875923,0.95071079,0.04928921,0.00978793,0.01371087,0.00586499,0.00462208,0.01083663,25746,-0.31420373,0.3647815,0.61857861,-0.25379711,-0.06040662,White
IA-044,32700,0.02495981,0.42515763,0.55668348,0.89612128,0.10387872,0.04079543,0.02626501,0.00098445,0.01000197,0.0188226,25395,-0.13152585,0.47208275,0.50620047,-0.03411772,-0.09740813,White
IA-045,30930,-0.03051967,0.25908156,0.72671194,0.92518806,0.07481194,0.01752501,0.02587418,0.00082665,0.00917583,0.017773,24194,-0.46763038,0.26553295,0.71928333,-0.45375038,-0.01388,White
IA-046,31305,-0.01876554,0.29232636,0.68971793,0.94511467,0.05488533,0.00955244,0.02042245,0.00255281,0.00477622,0.01445218,24287,-0.39739157,0.3102116,0.67362102,-0.36340942,-0.03398215,White
IA-047,33168,0.03962896,0.28449567,0.70039721,0.82974425,0.17025575,0.01870631,0.12827765,0.00060604,0.01268636,0.01288837,24751,-0.41590154,0.31197564,0.67590579,-0.36393015,-0.05197139,White
IA-048,32160,0.00803387,0.28730201,0.69632215,0.95193543,0.04806457,0.00457758,0.02039833,0.00128493,0.00453742,0.01276903,24904,-0.40902014,0.29861989,0.68368099,-0.3850611,-0.02395904,White
IA-049,30410,-0.04681872,0.32181131,0.66375519,0.9037641,0.0962359,0.01432132,0.0501035,0.00084492,0.01537747,0.01364539,23671,-0.34194388,0.35366292,0.63041657,-0.27675365,-0.06519023,White
IA-050,30399,-0.04716351,0.34632729,0.63823282,0.86339118,0.13660882,0.06196948,0.04670709,0.00234163,0.00961739,0.01689316,23915,-0.29190553,0.3766473,0.60819045,-0.23154315,-0.06036238,White
IA-051,30756,-0.03597358,0.46839118,0.51103083,0.8837419,0.1162581,0.02775273,0.05009429,0.00442732,0.01647946,0.0142658,24394,-0.04263965,0.49894475,0.48249534,0.01644941,-0.05908906,White
IA-052,30493,-0.04421714,0.35026079,0.63369061,0.92879806,0.07120194,0.01569904,0.02958507,0.0008653,0.01079567,0.00894145,24269,-0.28342982,0.36694507,0.61474639,-0.24780132,-0.0356285,White
IA-053,30325,-0.04948299,0.24660194,0.73889563,0.94118153,0.05881847,0.00846402,0.02809882,0.00141783,0.00558539,0.01074114,23275,-0.49229369,0.27505705,0.71119303,-0.43613598,-0.05615771,White
IA-054,30357,-0.04847997,0.27163978,0.71388258,0.91948957,0.08051043,0.00931873,0.05028754,0.00113336,0.00587667,0.01196323,23823,-0.4422428,0.29722157,0.68818585,-0.39096428,-0.05127852,White
IA-055,32332,0.01342509,0.2436147,0.74329027,0.92332731,0.07667269,0.01237693,0.04239502,0.00458107,0.00691179,0.01024714,24885,-0.49967557,0.26117822,0.72290605,-0.46172783,-0.03794774,White
IA-056,31621,-0.00886073,0.31056459,0.67383969,0.74333403,0.25666597,0.02052994,0.15288963,0.01326935,0.05733361,0.0128938,23965,-0.3632751,0.33799175,0.64258263,-0.30459088,-0.05868422,White
IA-057,30522,-0.04330816,0.21574872,0.77001374,0.91596141,0.08403859,0.01024035,0.05238659,0.00220041,0.00596649,0.0109174,23632,-0.55426502,0.23832509,0.7471944,-0.50886931,-0.04539571,White
IA-058,31147,-0.02371795,0.23368796,0.75268592,0.95367938,0.04632062,0.00466959,0.02113821,0.00195956,0.00537836,0.008005,23985,-0.51899796,0.25800317,0.72937137,-0.4713682,-0.04762976,White
IA-059,30559,-0.04214842,0.13236638,0.85044792,0.8741373,0.1258627,0.00590265,0.10356883,0.00036324,0.00853614,0.00821831,22024,-0.71808154,0.14787701,0.8329673,-0.68509029,-0.03299125,White
IA-060,31011,-0.02798078,0.21481616,0.77033146,0.9019174,0.0980826,0.01318758,0.06190352,0.00403436,0.00629013,0.01140899,23052,-0.5555153,0.24271384,0.7430403,-0.50032646,-0.05518884,White
IA-061,30753,-0.03606761,0.29296735,0.69142447,0.93801968,0.06198032,0.00517563,0.02418123,0.00131512,0.00534532,0.01824198,23572,-0.39845712,0.29817563,0.68299408,-0.38481845,-0.01363867,White
IA-062,30748,-0.03622434,0.31214293,0.67191233,0.94567207,0.05432793,0.00430025,0.02099034,0.00114957,0.00736578,0.01358198,23487,-0.3597694,0.32119086,0.6627109,-0.34152004,-0.01824936,White
IA-063,32354,0.01411467,0.25824795,0.72525616,0.95040788,0.04959212,0.00456344,0.01724416,0.0007673,0.00496729,0.01817301,24762,-0.46700821,0.28145345,0.70201992,-0.42056647,-0.04644174,White
IA-064,31844,-0.00187094,0.33062645,0.64959091,0.84870124,0.15129876,0.0318216,0.07116011,0.00488599,0.02184081,0.02192433,23946,-0.31896446,0.35870699,0.62209409,-0.2633871,-0.05557736,White
IA-065,30495,-0.04415445,0.29476551,0.68937973,0.90334816,0.09665184,0.00854477,0.0558026,0.00318249,0.00998343,0.01573808,22938,-0.39461422,0.32058398,0.66222249,-0.34163851,-0.05297571,White
IA-066,31370,-0.01672816,0.23333115,0.75116142,0.95665754,0.04334246,0.00594729,0.0130498,0.00115523,0.00586171,0.01223686,23372,-0.51783027,0.26131141,0.72308887,-0.46177746,-0.05605281,White
IA-067,30658,-0.03904533,0.23631457,0.74922899,0.93494686,0.06505314,0.01643403,0.01583643,0.00145132,0.01233619,0.01370214,23427,-0.51291442,0.25645202,0.72763718,-0.47118516,-0.04172926,White
IA-068,32523,0.01941186,0.30508741,0.67722182,0.93672257,0.06327743,0.0101918,0.01757483,0.00108338,0.01516732,0.01336169,24922,-0.37213441,0.3228145,0.65666311,-0.33384861,-0.0382858,White
IA-069,31089,-0.02553592,0.34068805,0.64347246,0.94782316,0.05217684,0.007502,0.01799638,0.00050575,0.00686981,0.01285455,23727,-0.30278441,0.35841343,0.62169926,-0.26328583,-0.03949858,White
IA-070,31713,-0.00597705,0.34161491,0.64057971,0.95724074,0.04275926,0.00579428,0.01315344,0.00080359,0.00490611,0.01294197,23644,-0.2989648,0.37452349,0.607589,-0.23306551,-0.06589929,White
IA-071,32602,0.02188806,0.3475161,0.63814781,0.80077588,0.19922412,0.04315849,0.10252162,0.01179989,0.02202376,0.02020529,24746,-0.29063171,0.38337478,0.59737123,-0.21399645,-0.07663526,White
IA-072,32653,0.02348662,0.34329541,0.63576159,0.9157529,0.0842471,0.0184556,0.02277992,0.00131274,0.0196139,0.01687259,25900,-0.29246618,0.37202123,0.60864385,-0.23662262,-0.05584356,White
IA-073,31319,-0.01832672,0.30355447,0.67989418,0.85512857,0.14487143,0.02445087,0.07498268,0.00089653,0.02542891,0.01646359,24539,-0.37633971,0.32656393,0.65345436,-0.32689043,-0.04944928,White
IA-074,32598,0.02176269,0.32954953,0.65647031,0.92210944,0.07789056,0.00849274,0.04331298,0.00064707,0.00655154,0.01415457,24727,-0.32692078,0.35007031,0.63088821,-0.2808179,-0.04610288,White
IA-075,32746,0.02640165,0.35263934,0.62459111,0.90129057,0.09870943,0.03832616,0.02839265,0.00117325,0.00754791,0.02104028,25570,-0.27195177,0.39498452,0.57987616,-0.18489164,-0.08706013,White
IA-076,32767,0.02705988,0.44891641,0.53334623,0.86140535,0.13859465,0.07372056,0.02747061,0.00139681,0.01447251,0.01792574,25773,-0.08442982,0.47637939,0.4987793,-0.02239991,-0.06202991,White
IA-077,33073,0.03665125,0.72009411,0.25837003,0.70722257,0.29277743,0.11531308,0.06432114,0.00077495,0.09586175,0.0125155,25808,0.46172408,0.74536227,0.23346167,0.5119006,-0.05017652,White
IA-078,33512,0.05041141,0.74206998,0.23845464,0.7940207,0.2059793,0.04397126,0.06068297,0.00154921,0.0824049,0.01084449,30338,0.50361534,0.79544654,0.18436803,0.61107851,-0.10746317,White
IA-079,32146,0.00759505,0.58727318,0.3936863,0.85394748,0.14605252,0.05226242,0.04225473,0.00145411,0.03083569,0.01338637,23382,0.19358688,0.60376138,0.3733901,0.23037128,-0.0367844,White
IA-080,33316,0.04426792,0.6544898,0.32637755,0.77715334,0.22284666,0.09068318,0.04679436,0.00118515,0.07103261,0.01104867,26157,0.32811225,0.67663493,0.30411838,0.37251655,-0.0444043,White
IA-081,30487,-0.04440521,0.58730625,0.39308014,0.78741188,0.21258812,0.13060914,0.03347545,0.00683862,0.02165562,0.01701212,23689,0.19422611,0.61308068,0.35717196,0.25590872,-0.06168261,White
IA-082,31465,-0.01375045,0.50797059,0.47490741,0.86616977,0.13383023,0.06136646,0.03494824,0.00219462,0.02186335,0.01122153,24150,0.03306318,0.51978695,0.45768309,0.06210386,-0.02904068,White
IA-083,31306,-0.0187342,0.6271697,0.34887391,0.77872596,0.22127404,0.12455929,0.04827724,0.00372596,0.02520032,0.02003205,24960,0.27829579,0.6416257,0.33064569,0.31098001,-0.03268422,White
IA-084,31778,-0.00393967,0.47071872,0.50909494,0.86630439,0.13369561,0.04338989,0.02907869,0.00145186,0.04061061,0.0138549,24107,-0.03837622,0.48302133,0.49118415,-0.00816282,-0.0302134,White
IA-085,30846,-0.03315259,0.48295516,0.49820866,0.91566214,0.08433786,0.02525876,0.02121225,0.00115006,0.01801763,0.01371555,23477,-0.0152535,0.49254449,0.48313826,0.00940623,-0.02465973,White
IA-086,31457,-0.0140012,0.55814355,0.42333793,0.85279532,0.14720468,0.04785318,0.02649091,0.00097487,0.05200695,0.01551308,23593,0.13480562,0.56778174,0.40742627,0.16035547,-0.02554985,White
IA-087,31388,-0.01616396,0.42509427,0.55502228,0.92796351,0.07203649,0.02247832,0.02154172,0.0011402,0.00871442,0.01413039,24557,-0.12992801,0.44517894,0.53424892,-0.08906998,-0.04085803,White
IA-088,32218,0.00985184,0.5830337,0.39984155,0.8426697,0.1573303,0.08705366,0.03233538,0.00223423,0.01661453,0.01572084,24617,0.18319215,0.60818579,0.3681306,0.24005519,-0.05686304,White
IA-089,31703,-0.00629049,0.62996588,0.35065806,0.74897926,0.25102074,0.06642985,0.13530949,0.00089825,0.03213294,0.0159644,24492,0.27930782,0.64961396,0.32946308,0.32015088,-0.04084306,White
IA-090,32339,0.0136445,0.41241099,0.56744659,0.81146146,0.18853854,0.03169328,0.12693524,0.00004053,0.01094269,0.01767042,24674,-0.1550356,0.44633863,0.52996255,-0.08362392,-0.07141168,White
IA-091,30662,-0.03891995,0.51208531,0.46816746,0.74903395,0.25096605,0.11405659,0.08733951,0.00141272,0.02505505,0.02646778,24067,0.04391785,0.56043714,0.41499193,0.14544521,-0.10152736,White
IA-092,33037,0.03552285,0.50670504,0.47595997,0.76090841,0.23909159,0.12014134,0.0630484,0.00123079,0.0354945,0.02322627,25187,0.03074507,0.54607105,0.43109563,0.11497542,-0.08423035,White
IA-093,32741,0.02624493,0.51654799,0.46459698,0.81055545,0.18944455,0.08559004,0.05143309,0.00075114,0.03609409,0.01391579,25295,0.05195101,0.5438174,0.43478023,0.10903717,-0.05708616,White
IA-094,33382,0.04633665,0.52654005,0.45367665,0.7801773,0.2198227,0.10364353,0.06588042,0.00132776,0.02948413,0.0236654,25607,0.0728634,0.55397066,0.42227527,0.13169539,-0.05883199,White
IA-095,33459,0.04875016,0.49328659,0.48825981,0.85992203,0.14007797,0.06930093,0.03281481,0.01071118,0.0129821,0.01411756,26421,0.00502678,0.52460977,0.4508434,0.07376637,-0.06873959,White
IA-096,33455,0.04862478,0.52088045,0.46356264,0.8941973,0.1058027,0.03878667,0.02624029,0.00807099,0.01859006,0.0115901,26143,0.05731781,0.54605508,0.43386074,0.11219434,-0.05487653,White
IA-097,31286,-0.01936108,0.45235893,0.53148794,0.85453271,0.14546729,0.03080921,0.07267178,0.001691,0.01505403,0.02202425,24246,-0.07912901,0.46178387,0.51730926,-0.05552539,-0.02360362,White
IA-098,32299,0.01239073,0.44533127,0.53510127,0.81534149,0.18465851,0.03550969,0.09945964,0.00138138,0.01393573,0.02961849,24613,-0.08977,0.4681788,0.50631439,-0.03813559,-0.05163441,White
IA-099,32281,0.01182653,0.42085527,0.55895963,0.74379378,0.25620622,0.05395997,0.13572879,0.00360562,0.03518588,0.02838908,24129,-0.13810436,0.45079142,0.52725994,-0.07646852,-0.06163584,White
IA-100,32795,0.02793752,0.49180142,0.49067059,0.5345626,0.4654374,0.08641713,0.26749373,0.01040914,0.05497727,0.06105281,23537,0.00113083,0.53679787,0.44075441,0.09604346,-0.09491263,White
IL-001,108299,-0.00259325,0.67228521,0.29363973,0.52754848,0.47245152,0.13501617,0.1048582,0.00161123,0.22756833,0.01521325,85649,0.37864548,0.73212806,0.25389841,0.47822965,-0.09958417,White
IL-002,108566,-0.00013424,0.80023087,0.18309155,0.75463425,0.24536575,0.05279481,0.05208185,0.00137839,0.12714483,0.00806835,84156,0.61713932,0.80234452,0.18024723,0.62209729,-0.00495797,White
IL-003,106854,-0.01590134,0.60326433,0.3799001,0.65665388,0.34334612,0.01785968,0.16755432,0.00074563,0.14967097,0.01384746,84492,0.22336423,0.62545953,0.36017829,0.26528124,-0.04191701,White
IL-004,107675,-0.00834013,0.56446076,0.41103314,0.60789643,0.39210357,0.03130455,0.08582977,0.001113,0.26708453,0.01012243,85355,0.15342762,0.60623013,0.38069721,0.22553292,-0.0721053,White
IL-005,106827,-0.01615,0.53750172,0.44313239,0.70857536,0.29142464,0.01863487,0.15968847,0.00085351,0.10492188,0.01739017,84358,0.09436933,0.57095131,0.41232604,0.15862527,-0.06425594,White
IL-006,109472,0.00820979,0.53042914,0.45132418,0.66187736,0.33812264,0.03227325,0.1455742,0.00087287,0.15170727,0.01512593,87069,0.07910496,0.56327914,0.41967564,0.1436035,-0.06449854,White
IL-007,107223,-0.01250294,0.59485614,0.38632895,0.76227567,0.23772433,0.02003229,0.09964295,0.00087199,0.10717274,0.01172478,84863,0.20852719,0.60258159,0.3776192,0.22496239,-0.0164352,White
IL-008,107990,-0.00543906,0.55972423,0.41543299,0.65967097,0.34032903,0.0323556,0.12176801,0.0008452,0.17639636,0.01253512,84004,0.14429124,0.57683364,0.40324819,0.17358545,-0.02929421,White
IL-009,111370,0.0256899,0.5788265,0.3850347,0.43240613,0.56759387,0.13561494,0.16235107,0.00217164,0.26181943,0.01738501,84268,0.1937918,0.67637388,0.31119014,0.36518374,-0.17139194,Minority
IL-010,106266,-0.02131667,0.75677248,0.21148413,0.37602631,0.62397369,0.06497409,0.36386437,0.00170362,0.19091167,0.03264084,84526,0.54528835,0.79718752,0.18308096,0.61410656,-0.06881821,Minority
IL-011,108491,-0.00082498,0.86535888,0.10757909,0.52456348,0.47543652,0.18167214,0.15697742,0.00160642,0.12635049,0.02083093,95243,0.75777979,0.8801127,0.1010784,0.7790343,-0.02125451,White
IL-012,108547,-0.00030923,0.87535649,0.10310559,0.62361832,0.37638168,0.1275142,0.1305094,0.00165215,0.10761376,0.01911167,93817,0.7722509,0.87728387,0.10388952,0.77339435,-0.00114344999999993,White
IL-013,106600,-0.01824061,0.63000365,0.34436468,0.63509972,0.36490028,0.0303682,0.22537578,0.00169235,0.10242217,0.02232956,85089,0.28563897,0.65303204,0.32741914,0.3256129,-0.03997393,White
IL-014,108648,0.00062096,0.44995658,0.53140291,0.72522713,0.27477287,0.02133592,0.17432147,0.00127993,0.07475001,0.01492486,87505,-0.08144633,0.49052879,0.494736,-0.00420721,-0.07723912,White
IL-015,106027,-0.0235178,0.85614245,0.12555864,0.76594334,0.23405666,0.04473701,0.09035463,0.0013807,0.08784327,0.01094779,91982,0.73058381,0.86034526,0.1203069,0.74003836,-0.00945455000000006,White
IL-016,107524,-0.0097308,0.78393936,0.19772788,0.77824934,0.22175066,0.06550663,0.06281167,0.00093369,0.082313,0.0078939,94250,0.58621148,0.80404833,0.17726438,0.62678395,-0.04057247,White
IL-017,105948,-0.02424537,0.54074833,0.43154658,0.44182909,0.55817091,0.05728164,0.3264808,0.00157003,0.16766225,0.03203847,81527,0.10920175,0.60912863,0.37276056,0.23636807,-0.12716632,Minority
IL-018,107399,-0.01088202,0.55987503,0.41603663,0.55263095,0.44736905,0.05314263,0.13649777,0.00158262,0.25000595,0.01617126,84038,0.1438384,0.61502429,0.36784351,0.24718078,-0.10334238,White
IL-019,107468,-0.01024655,0.75167686,0.22879139,0.67614212,0.32385788,0.05509409,0.06468215,0.00132146,0.18947599,0.00800827,100646,0.52288547,0.76889579,0.21372553,0.55517026,-0.03228479,White
IL-020,106605,-0.01819456,0.83452892,0.14125129,0.6843394,0.3156606,0.07300656,0.15091042,0.00138074,0.08234812,0.01447618,92704,0.69327763,0.85377366,0.12578317,0.72799049,-0.03471286,White
IL-021,106159,-0.02230211,0.76719786,0.20583839,0.32687838,0.67312162,0.04902286,0.57339199,0.00232426,0.05344607,0.04265487,84328,0.56135947,0.82349153,0.157312,0.66617953,-0.10482006,Hispanic
IL-022,106073,-0.02309415,0.80979258,0.16063214,0.30472001,0.69527999,0.09948662,0.57083575,0.00257283,0.03638713,0.03978991,84343,0.64916044,0.8660046,0.11253482,0.75346978,-0.10430934,Hispanic
IL-023,106448,-0.0196405,0.53455949,0.44804407,0.40457728,0.59542272,0.04872159,0.51199534,0.00075236,0.03562804,0.03099251,82407,0.08651542,0.61321556,0.37138327,0.24183229,-0.15531687,Hispanic
IL-024,106341,-0.02062594,0.62976036,0.3498359,0.31705746,0.68294254,0.06262383,0.58155563,0.00176251,0.04403846,0.04358872,82269,0.27992446,0.71040972,0.27493026,0.43547946,-0.155555,Hispanic
IL-025,109573,0.00913997,0.85683311,0.12539422,0.03670492,0.96329508,0.73768525,0.22687008,0.0013572,0.00814318,0.01794651,82523,0.73143889,0.929063,0.05838312,0.87067988,-0.13924099,Black
IL-026,108360,-0.00203145,0.87513737,0.10686516,0.39935574,0.60064426,0.47333687,0.07767295,0.00098931,0.04764375,0.0122578,82886,0.76827221,0.89032708,0.09353916,0.79678792,-0.02851571,Black
IL-027,105680,-0.02671358,0.43094182,0.51740432,0.82813534,0.17186466,0.03784404,0.06977679,0.00066206,0.05292963,0.00866594,84584,-0.0864625,0.47471482,0.51079583,-0.03608101,-0.05038149,White
IL-028,107470,-0.01022813,0.45810923,0.50417184,0.77769548,0.22230452,0.04534512,0.0706796,0.00115735,0.09599093,0.00947873,86404,-0.04606261,0.48847468,0.49446121,-0.00598653,-0.04007608,White
IL-029,109038,0.00421276,0.55166141,0.40609823,0.75351458,0.24648542,0.04212792,0.06528005,0.00122349,0.12560733,0.01052904,85003,0.14556318,0.57663501,0.40264852,0.17398649,-0.02842331,White
IL-030,105183,-0.03129083,0.55908631,0.39629478,0.74310112,0.25689888,0.04115985,0.11145104,0.00078634,0.09064996,0.01401892,81390,0.16279153,0.58817096,0.38811541,0.20005555,-0.03726402,White
IL-031,111210,0.02421634,0.59188306,0.3861049,0.7681523,0.2318477,0.05785056,0.12844349,0.00076196,0.03467517,0.01464141,85306,0.20577816,0.60333137,0.37819379,0.22513758,-0.01935942,White
IL-032,105151,-0.03158554,0.78406524,0.19953956,0.29624037,0.70375963,0.45529069,0.21449202,0.00122245,0.03240691,0.02079363,83439,0.58452568,0.81652472,0.16871556,0.64780916,-0.06328348,Black
IL-033,109259,0.00624811,0.68723723,0.29269184,0.17705616,0.82294384,0.07466654,0.72746961,0.00132894,0.0218044,0.05583994,81268,0.39454539,0.78976263,0.19240289,0.59735974,-0.20281435,Hispanic
IL-034,105770,-0.02588471,0.49996669,0.45589313,0.41837233,0.58162767,0.05111353,0.50135827,0.00096393,0.02488702,0.04134901,79881,0.04407356,0.62342036,0.35881617,0.26460419,-0.22053063,Hispanic
IL-035,107435,-0.01055047,0.88400699,0.09557088,0.21646503,0.78353497,0.63234945,0.04649429,0.00135552,0.1053351,0.01256114,88527,0.78843611,0.91261155,0.07403285,0.8385787,-0.05014259,Black
IL-036,107947,-0.00583508,0.83208432,0.14355238,0.23777477,0.76222523,0.5185015,0.11911707,0.00137814,0.12244757,0.01255254,87074,0.68853194,0.88262379,0.10047588,0.78214791,-0.09361597,Black
IL-037,107645,-0.00861642,0.53699765,0.44377589,0.29573926,0.70426074,0.02044763,0.6644125,0.00126874,0.01864922,0.05039232,81183,0.09322176,0.64271217,0.34355659,0.29915558,-0.20593382,Hispanic
IL-038,108818,0.00218661,0.60851363,0.36474934,0.22774592,0.77225408,0.11691397,0.63672094,0.00080845,0.01815898,0.04577057,80401,0.24376429,0.73457216,0.25182077,0.48275139,-0.2389871,Hispanic
IL-039,107643,-0.00863484,0.67373439,0.30215867,0.066222,0.933778,0.05844256,0.81210651,0.00178037,0.06664774,0.06031324,77512,0.37157572,0.83140599,0.15073447,0.68067152,-0.3090958,Hispanic
IL-040,108763,0.00168008,0.73015665,0.23624384,0.10516037,0.89483963,0.04217817,0.80103353,0.00133437,0.05570382,0.06697317,82436,0.49391281,0.86269559,0.11397582,0.74871977,-0.25480696,Hispanic
IL-041,108578,-0.00002373,0.68046411,0.29871517,0.16403782,0.83596218,0.37348737,0.21138095,0.0012876,0.2534187,0.01772834,83877,0.38174894,0.78448101,0.19810857,0.58637244,-0.2046235,Black
IL-042,106100,-0.02284549,0.90633711,0.07712321,0.00907984,0.99092016,0.96377908,0.02664895,0.00118112,0.00414621,0.0111714,81279,0.8292139,0.95143057,0.03642105,0.91500952,-0.08579562,Black
IL-043,107918,-0.00610216,0.90173127,0.08198447,0.01403289,0.98596711,0.90842564,0.07773062,0.00085119,0.00401953,0.0126497,84587,0.8197468,0.95150374,0.03900104,0.9125027,-0.0927559,Black
IL-044,105904,-0.0246506,0.55166699,0.41606158,0.65749187,0.34250813,0.13040419,0.17341938,0.00098258,0.02927119,0.01752875,82436,0.13560541,0.60112483,0.38320357,0.21792126,-0.08231585,White
IL-045,104754,-0.03524181,0.7180573,0.26599869,0.28917994,0.71082006,0.66062104,0.04141054,0.00091293,0.00712086,0.01085779,82153,0.45205861,0.77158523,0.21566144,0.55592379,-0.10386518,Black
IL-046,108335,-0.0022617,0.69066207,0.28723512,0.3066133,0.6933867,0.50286071,0.17509255,0.00117794,0.01177941,0.01603442,83196,0.40342695,0.75670536,0.22910792,0.52759744,-0.12417049,Black
IL-047,108629,0.00044597,0.5719594,0.38467834,0.78664166,0.21335834,0.04548952,0.06341364,0.00098577,0.08965666,0.01099971,83184,0.18728106,0.58939115,0.38551163,0.20387952,-0.01659846,White
IL-048,109814,0.01135952,0.59508881,0.3669071,0.70967182,0.29032818,0.06049517,0.07916252,0.00112328,0.13641522,0.01103597,86354,0.22818171,0.61379118,0.36431519,0.24947599,-0.02129428,White
IL-049,110193,0.01485002,0.50031431,0.44988999,0.52629741,0.47370259,0.06855486,0.20115946,0.00166469,0.1943843,0.01931271,85902,0.05042432,0.57667041,0.40370463,0.17296578,-0.12254146,White
IL-050,110867,0.02105739,0.47058572,0.50204519,0.61166649,0.38833351,0.02856089,0.27366333,0.00119917,0.07641219,0.02286485,86727,-0.03145947,0.51740493,0.46535298,0.05205195,-0.08351142,White
IL-051,107314,-0.01166485,0.90454078,0.07332536,0.16589042,0.83410958,0.70272537,0.0539634,0.00133719,0.07976656,0.01238597,88245,0.83121542,0.94346395,0.04284212,0.90062183,-0.06940641,Black
IL-052,107525,-0.00972159,0.82162657,0.1627375,0.10124573,0.89875427,0.55564577,0.34043043,0.00115121,0.00516226,0.02612637,82522,0.65888907,0.87752626,0.11118995,0.76633631,-0.10744724,Black
IL-053,110381,0.01658145,0.85458392,0.13105313,0.12770558,0.87229442,0.75146503,0.11077505,0.00109877,0.00956994,0.01350425,84640,0.72353079,0.88741641,0.10239108,0.78502533,-0.06149454,Black
IL-054,107149,-0.01318446,0.61910156,0.36205061,0.47889694,0.52110306,0.3288735,0.15567336,0.00078137,0.02803323,0.01818794,83187,0.25705095,0.66043556,0.32508689,0.33534867,-0.07829772,Minority
IL-055,110263,0.0154947,0.50366038,0.46269811,0.60868083,0.39131917,0.03205068,0.2121668,0.00099901,0.13407926,0.0203446,85084,0.04096227,0.54739302,0.43176915,0.11562387,-0.0746616,White
IL-056,104765,-0.0351405,0.62247048,0.34165337,0.56471601,0.43528399,0.0962797,0.10112786,0.0012785,0.22625603,0.01231661,78999,0.28081711,0.65251791,0.32680868,0.32570923,-0.04489212,White
IL-057,105997,-0.02379409,0.76882972,0.2162326,0.28189239,0.71810761,0.51561645,0.18897765,0.00176696,0.01148524,0.01886417,80364,0.55259712,0.7851184,0.20204215,0.58307625,-0.03047913,Black
IL-058,109475,0.00823742,0.78933267,0.19528065,0.2884974,0.7115026,0.62752933,0.06501268,0.00063704,0.01450131,0.01576381,86337,0.59405202,0.80503715,0.18350368,0.62153347,-0.02748145,Black
IL-059,112082,0.03224724,0.66768854,0.30193383,0.8162431,0.1837569,0.01946237,0.07351674,0.00119966,0.07760488,0.00925947,85858,0.36575471,0.68150225,0.30222091,0.37928134,-0.01352663,White
IL-060,113736,0.04748017,0.58690956,0.38473862,0.70740702,0.29259298,0.01746181,0.06180854,0.00098884,0.20245699,0.00843425,85959,0.20217094,0.60284981,0.37933887,0.22351094,-0.02134,White
IL-061,113042,0.0410886,0.50670562,0.4699215,0.77335799,0.22664201,0.0361598,0.12121804,0.00164258,0.04913965,0.01912518,87058,0.03678412,0.51686944,0.46118325,0.05568619,-0.01890207,White
IL-062,112352,0.03473387,0.58182518,0.39012964,0.57140987,0.42859013,0.03437195,0.30090929,0.00198757,0.08109781,0.02743329,84022,0.19169554,0.60589018,0.37292372,0.23296646,-0.04127092,White
IL-063,113959,0.04953394,0.69884771,0.28041998,0.21102021,0.78897979,0.21560233,0.52496442,0.00320517,0.04204899,0.04350694,86423,0.41842773,0.76674321,0.2130407,0.55370251,-0.13527478,Hispanic
IL-064,113886,0.04886163,0.57724493,0.39493729,0.51237795,0.48762205,0.14459746,0.23310842,0.0021647,0.0954311,0.02680545,86848,0.18230764,0.60296935,0.37630268,0.22666667,-0.04435903,White
IL-065,113056,0.04121754,0.49271404,0.48221531,0.83405803,0.16594197,0.01284122,0.09902533,0.00084705,0.03337362,0.01750562,88543,0.01049873,0.49894137,0.47999502,0.01894635,-0.00844762,White
IL-066,112906,0.03983607,0.51455462,0.46755924,0.63378836,0.36621164,0.03695018,0.25838292,0.00103839,0.05826625,0.02423288,85710,0.04699538,0.54412601,0.43474764,0.10937837,-0.06238299,White
IL-067,108728,0.00135774,0.40800651,0.5707392,0.80076574,0.19923426,0.01201787,0.14805493,0.00070902,0.01557478,0.02189686,84624,-0.16273269,0.41994531,0.55978122,-0.13983591,-0.02289678,White
IL-068,111235,0.02444658,0.47597424,0.50369881,0.78265665,0.21734335,0.02393882,0.11811175,0.0010429,0.0584625,0.01573944,83421,-0.02772457,0.49218461,0.48808363,0.00410098,-0.03182555,White
IL-069,109279,0.00643231,0.55328185,0.43294723,0.82528528,0.17471472,0.02554971,0.08863187,0.0007385,0.04334517,0.0136146,83954,0.12033462,0.55004097,0.42582371,0.12421726,-0.00388264,White
IL-070,108884,0.00279446,0.55549606,0.43053112,0.47870678,0.52129322,0.06787214,0.37774712,0.00158722,0.06591864,0.03758058,81904,0.12496494,0.59259526,0.38687604,0.20571922,-0.08075428,Minority
IL-071,110802,0.02045876,0.58878397,0.37983321,0.58410606,0.41589394,0.14521091,0.08842495,0.00120425,0.16824497,0.01852359,91343,0.20895076,0.5817695,0.3901257,0.1916438,0.01730696,White
IL-072,111736,0.02906066,0.56668147,0.40046202,0.72916761,0.27083239,0.10883048,0.04591304,0.00146531,0.09537008,0.01564133,88036,0.16621945,0.57144054,0.40049593,0.17094461,-0.00472516,White
IL-073,111349,0.02549649,0.59897116,0.37416461,0.45773462,0.54226538,0.186509,0.26533623,0.00110353,0.08176612,0.02317423,86087,0.22480655,0.64960525,0.33300523,0.31660002,-0.09179347,Minority
IL-074,108549,-0.00029081,0.572636,0.38838992,0.58697061,0.41302939,0.08733275,0.08134792,0.00104194,0.23343372,0.00978411,78699,0.18424608,0.61405365,0.36915569,0.24489796,-0.06065188,White
IL-075,109016,0.00401014,0.50825431,0.46932468,0.63879116,0.36120884,0.10041603,0.19606681,0.00102465,0.0501216,0.0217029,81003,0.03892963,0.5419687,0.43901714,0.10295156,-0.06402193,White
IL-076,108126,-0.00418653,0.5736189,0.40467346,0.43616707,0.56383293,0.19999507,0.34034379,0.00088657,0.01551495,0.0252672,81212,0.16894544,0.62909317,0.35264592,0.27644725,-0.10750181,Minority
IL-077,104236,-0.04001246,0.35209538,0.62276348,0.91151782,0.08848218,0.03014874,0.01494927,0.00062549,0.01830191,0.01836446,79937,-0.2706681,0.35479104,0.62334169,-0.26855065,-0.00211745000000008,White
IL-078,104404,-0.03846522,0.5731915,0.3987218,0.71046908,0.28953092,0.20869282,0.02849271,0.00118418,0.03107857,0.01957515,82758,0.1744697,0.57472985,0.40245277,0.17227708,0.00219262,White
IL-079,108401,-0.00165385,0.52322589,0.45302084,0.69878893,0.30121107,0.14830014,0.09810026,0.00094339,0.03392649,0.02088419,84801,0.07020505,0.53138084,0.4480475,0.08333334,-0.01312829,White
IL-080,108859,0.00256421,0.54895811,0.42688178,0.56667996,0.43332004,0.18758386,0.18775308,0.00099116,0.03977953,0.02638672,82731,0.12207633,0.56553858,0.4142957,0.15124288,-0.02916655,White
IL-081,105423,-0.02908049,0.51508414,0.46100969,0.62395344,0.37604656,0.0908141,0.22543483,0.00108458,0.04694134,0.02446928,75605,0.05407445,0.53908657,0.44017615,0.09891042,-0.04483597,White
IL-082,107309,-0.0117109,0.64935734,0.33644924,0.31879737,0.68120263,0.10754776,0.54090824,0.00139054,0.02923896,0.03952396,79825,0.3129081,0.69498058,0.28297466,0.41200592,-0.09909782,Hispanic
IL-083,108301,-0.00257483,0.36704132,0.6095077,0.88197425,0.11802575,0.01554575,0.06829155,0.00029263,0.01853297,0.01237563,82016,-0.24246638,0.39670902,0.58632187,-0.18961285,-0.05285353,White
IL-084,111706,0.02878437,0.37881546,0.59997101,0.86140398,0.13859602,0.03583759,0.06078324,0.00053472,0.02163274,0.01582061,86027,-0.22115555,0.393413,0.58840777,-0.19499477,-0.02616078,White
IL-085,112001,0.03150125,0.35030062,0.63108063,0.87897698,0.12102302,0.01738677,0.06930349,0.00088152,0.01070579,0.01853506,86215,-0.28078001,0.36558765,0.6143443,-0.24875665,-0.03202336,White
IL-086,106213,-0.02180479,0.39442591,0.58529931,0.85327776,0.14672224,0.02601965,0.08665674,0.00067877,0.01093182,0.01948199,83975,-0.1908734,0.41393164,0.56654595,-0.15261431,-0.03825909,White
IL-087,111528,0.02714504,0.37639368,0.60086629,0.72941012,0.27058988,0.14262482,0.0928374,0.00082476,0.01303348,0.01941082,86086,-0.22447261,0.39646469,0.58159799,-0.1851333,-0.03933931,White
IL-088,110773,0.02019168,0.27943746,0.70009895,0.83049957,0.16950043,0.09243462,0.04555798,0.00061849,0.00952236,0.01927812,85693,-0.42066149,0.28989277,0.69259333,-0.40270056,-0.01796093,White
IL-089,108834,0.00233397,0.26951192,0.7081183,0.92897968,0.07102032,0.01910342,0.02299331,0.00079946,0.0072667,0.01798179,83807,-0.43860638,0.27973888,0.69876002,-0.41902114,-0.01958524,White
IL-090,109877,0.01193974,0.37651475,0.59910634,0.92182491,0.07817509,0.01735659,0.0203981,0.0010569,0.01223651,0.02076214,85155,-0.22259159,0.37829756,0.59648968,-0.21819212,-0.00439946999999991,White
IL-091,109545,0.0088821,0.25076697,0.72865337,0.88595455,0.11404545,0.0486661,0.03637384,0.00142688,0.00865487,0.01745009,85501,-0.4778864,0.25829765,0.72190508,-0.46360743,-0.01427897,White
IL-092,103442,-0.047325,0.24379164,0.73803661,0.92608611,0.07391389,0.0274642,0.01495382,0.0011362,0.00642623,0.01904657,81852,-0.49424497,0.25424104,0.72636082,-0.47211978,-0.02212519,White
IL-093,108748,0.00154193,0.30422966,0.67234585,0.92685352,0.07314648,0.0198863,0.0161196,0.00079545,0.00814168,0.02107948,85486,-0.36811619,0.31041867,0.66830222,-0.35788355,-0.01023264,White
IL-094,112841,0.03923744,0.2290562,0.75077673,0.88931345,0.11068655,0.04790406,0.02744621,0.00116097,0.00965971,0.0193307,88719,-0.52172053,0.23950752,0.74166895,-0.50216143,-0.0195591,White
IL-095,109427,0.00779535,0.20548468,0.77563791,0.9444782,0.0555218,0.00842408,0.01988597,0.00064261,0.00646119,0.01530588,85588,-0.57015323,0.21621622,0.76741099,-0.55119477,-0.01895846,White
IL-096,110722,0.01972198,0.19254346,0.79065044,0.9228793,0.0771207,0.02867545,0.01655549,0.00108296,0.00925126,0.01731587,86799,-0.59810698,0.19810965,0.78496343,-0.58685378,-0.0112532,White
IL-097,106678,-0.01752225,0.24093695,0.74298705,0.90795658,0.09204342,0.03855077,0.0161079,0.00099773,0.00846266,0.02275541,83189,-0.5020501,0.2524946,0.73200288,-0.47950828,-0.02254182,White
IL-098,106988,-0.01466723,0.26906034,0.71486982,0.8783771,0.1216229,0.05680392,0.02294414,0.00086425,0.01082092,0.02373736,84466,-0.44580948,0.27295828,0.71019977,-0.43724149,-0.00856799,White
IL-099,110814,0.02056927,0.37712739,0.60136314,0.78219901,0.21780099,0.12443845,0.03937556,0.00119048,0.02702156,0.02280997,89040,-0.22423575,0.37468546,0.60609345,-0.23140799,0.00717224,White
IL-100,106566,-0.01855374,0.27093782,0.70723859,0.91711169,0.08288831,0.03053654,0.01916299,0.00097965,0.00718015,0.01918689,83703,-0.43630077,0.27668123,0.70568133,-0.4290001,-0.00730067,White
IL-101,109879,0.01195816,0.41097247,0.56563676,0.83036597,0.16963403,0.09906149,0.028903,0.00089711,0.0107653,0.02526856,86946,-0.15466429,0.41357328,0.56356012,-0.14998684,-0.00467745,White
IL-102,107582,-0.00919664,0.4941041,0.47889547,0.77628032,0.22371968,0.12759493,0.04680333,0.00152504,0.02218991,0.02137419,84588,0.01520863,0.49065302,0.48379252,0.0068605,0.00834813,White
IL-103,113095,0.04157672,0.60552098,0.36898213,0.48211077,0.51788923,0.42526898,0.05184727,0.00158704,0.02340887,0.02075991,85694,0.23653885,0.62878147,0.3519206,0.27686087,-0.04032202,Minority
IL-104,107407,-0.01080834,0.55016529,0.42257139,0.65265994,0.34734006,0.26158832,0.03561155,0.00256102,0.02790421,0.02103436,82389,0.1275939,0.53673504,0.44019547,0.09653957,0.03105433,White
IL-105,110430,0.01703273,0.47785222,0.50488058,0.75249895,0.24750105,0.05156634,0.14070987,0.00079371,0.03954907,0.01836694,80634,-0.02702836,0.49017022,0.49020403,-3.3810000000023E-05,-0.02699455,White
IL-106,107075,-0.01386598,0.48439259,0.49112863,0.75397045,0.24602955,0.0837972,0.11197807,0.0009618,0.03024875,0.02191712,83177,-0.00673604,0.50337942,0.47022246,0.03315696,-0.039893,White
IL-107,111550,0.02734765,0.40874887,0.56982898,0.80593395,0.19406605,0.02732678,0.12274092,0.00101254,0.01973274,0.02141638,84935,-0.16108011,0.41165127,0.56457636,-0.15292509,-0.00815502000000007,White
IL-108,110752,0.01999827,0.36903795,0.60940865,0.88552561,0.11447439,0.05198508,0.03531062,0.00070712,0.00777837,0.01544269,87679,-0.2403707,0.38208328,0.59652902,-0.21444574,-0.02592496,White
IL-109,111820,0.02983428,0.39702116,0.57900881,0.827388,0.172612,0.03460208,0.10565015,0.00077399,0.00855946,0.02077263,87856,-0.18198765,0.41965369,0.55826992,-0.13861623,-0.04337142,White
IL-110,110658,0.01913255,0.39162147,0.58604825,0.86695392,0.13304608,0.05492359,0.04822475,0.00257383,0.01001953,0.01605194,87030,-0.19442678,0.41118463,0.5687647,-0.15758007,-0.03684671,White
IL-111,105714,-0.02640045,0.5589571,0.41679154,0.68720859,0.31279141,0.12508239,0.14026608,0.00092762,0.0299646,0.0222507,81930,0.14216556,0.5753293,0.40179995,0.17352935,-0.03136379,White
IL-112,105117,-0.03189867,0.41252566,0.56413881,0.85951114,0.14048886,0.05414986,0.04413625,0.00142029,0.02098203,0.01801017,83786,-0.15161315,0.42637723,0.55338559,-0.12700836,-0.02460479,White
IL-113,104933,-0.03359327,0.62660858,0.34580141,0.59364101,0.40635899,0.28741142,0.06182759,0.00110913,0.03948487,0.01846078,81145,0.28080717,0.63234141,0.34059977,0.29174164,-0.01093447,White
IL-114,110506,0.01773267,0.38426918,0.5877804,0.88137397,0.11862603,0.0340101,0.02513333,0.00071342,0.03811518,0.01644368,85504,-0.20351122,0.39565407,0.58214504,-0.18649097,-0.01702025,White
IL-115,106991,-0.0146396,0.58865141,0.38303371,0.74256964,0.25743036,0.12008675,0.05825356,0.00114268,0.06320908,0.01558947,85763,0.2056177,0.58486649,0.38352846,0.20133803,0.00427967,White
IL-116,107466,-0.01026497,0.34666838,0.62890647,0.87454265,0.12545735,0.04595128,0.03605816,0.00131186,0.02172396,0.01754766,83088,-0.28223809,0.34708087,0.62734232,-0.28026145,-0.00197664,White
IL-117,113450,0.04484618,0.28525131,0.69333258,0.90936393,0.09063607,0.02500422,0.03124684,0.0010798,0.01091052,0.01761431,88905,-0.40808127,0.29180622,0.68901334,-0.39720712,-0.01087415,White
IL-118,103998,-0.04220438,0.39572392,0.58366477,0.76175831,0.23824169,0.17878316,0.02107109,0.00086458,0.01709402,0.01835384,80964,-0.18794085,0.40186689,0.57887703,-0.17701014,-0.01093071,White
MD-001,43702,-0.00217007,0.29917946,0.67658688,0.80068831,0.19931169,0.0998354,0.06535987,0.00176567,0.01319767,0.02046985,33415,-0.37740742,0.31927737,0.65402071,-0.33474334,-0.04266408,White
MD-002,43856,0.00134615,0.40915821,0.56211224,0.83583139,0.16416861,0.08880515,0.03551644,0.00168724,0.02052811,0.0171255,35561,-0.15295403,0.4154687,0.55753968,-0.14207098,-0.01088305,White
MD-003,42135,-0.03794874,0.37461915,0.59915982,0.79283973,0.20716027,0.10978062,0.05508836,0.00140158,0.01965265,0.02090189,32820,-0.22454067,0.40347695,0.57052154,-0.16704459,-0.05749608,White
MD-004,42539,-0.02872437,0.37249228,0.60238233,0.81018504,0.18981496,0.0952569,0.04427091,0.00170156,0.02005409,0.02758956,32911,-0.22989005,0.38184174,0.5908453,-0.20900356,-0.02088649,White
MD-005,43854,0.00130049,0.24518002,0.72919086,0.90145363,0.09854637,0.0300552,0.02410196,0.00098257,0.01366934,0.02520013,34603,-0.48401084,0.2633543,0.71287212,-0.44951782,-0.03449302,White
MD-006,44099,0.00689447,0.28275147,0.68662288,0.90126707,0.09873293,0.02658528,0.02372136,0.00081,0.02201458,0.01744388,34568,-0.40387141,0.29103617,0.68023764,-0.38920147,-0.01466994,White
MD-007,44800,0.02290012,0.55230143,0.41631342,0.60534227,0.39465773,0.26865928,0.06538979,0.00346417,0.04314466,0.0241633,34929,0.13598801,0.56413512,0.40807073,0.15606439,-0.02007638,White
MD-008,43484,-0.00714757,0.45495441,0.5112462,0.74770256,0.25229744,0.12526278,0.04543816,0.00159169,0.06366749,0.01570665,33298,-0.05629179,0.46773009,0.50134628,-0.03361619,-0.0226756,White
MD-009,42432,-0.03116746,0.56871678,0.40425209,0.51335396,0.48664604,0.37381614,0.06730648,0.00224144,0.02992802,0.02405607,31676,0.16446469,0.58315936,0.39298141,0.19017795,-0.02571326,White
MD-010,42686,-0.02536798,0.39911177,0.57003616,0.83830899,0.16169101,0.05843229,0.04005831,0.00154888,0.04449236,0.0148814,32927,-0.17092439,0.40463654,0.56518664,-0.1605501,-0.01037429,White
MD-011,45572,0.04052688,0.36551821,0.60182671,0.8232242,0.1767758,0.06556604,0.02821865,0.0013596,0.06209767,0.01498335,36040,-0.2363085,0.36705213,0.605942,-0.23888987,0.00258137,White
MD-012,43722,-0.00171342,0.44205479,0.5309589,0.64724765,0.35275235,0.21513494,0.04764594,0.00127809,0.07115682,0.02223279,33644,-0.08890411,0.44388894,0.53504514,-0.0911562,0.00225209,White
MD-013,43747,-0.0011426,0.3582967,0.61565934,0.72813267,0.27186733,0.15084691,0.06878714,0.00135978,0.02104703,0.03319637,33829,-0.25736264,0.38468762,0.59089654,-0.20620892,-0.05115372,White
MD-014,42894,-0.0206188,0.35572938,0.61672684,0.69555243,0.30444757,0.11323871,0.12905298,0.00131531,0.03132265,0.03474856,32692,-0.26099746,0.37100915,0.60529261,-0.23428346,-0.026714,White
MD-015,43911,0.00260194,0.4765625,0.49813433,0.5689845,0.4310155,0.31696867,0.06471481,0.0011604,0.02457675,0.02773067,33609,-0.02157183,0.48257713,0.4938294,-0.01125227,-0.01031956,White
MD-016,42724,-0.02450034,0.41323161,0.55102257,0.90032587,0.09967413,0.02179437,0.02418607,0.00068761,0.03049419,0.01366259,33449,-0.13779096,0.41478526,0.552942,-0.13815674,0.000365780000000093,White
MD-017,42214,-0.03614496,0.5749755,0.38703505,0.66366429,0.33633571,0.13248233,0.07569567,0.00125265,0.11697337,0.0118405,33529,0.18794045,0.58506149,0.38694015,0.19812134,-0.01018089,White
MD-018,42592,-0.02751424,0.64178909,0.32403331,0.61799976,0.38200024,0.22697566,0.07743734,0.0011692,0.06940281,0.01457009,33356,0.31775578,0.65229235,0.31883329,0.33345906,-0.01570328,White
MD-019,44707,0.02077669,0.53533698,0.43401639,0.62534309,0.37465691,0.19307525,0.03713975,0.0012866,0.12983188,0.01426693,34976,0.10132059,0.54123335,0.43431856,0.10691479,-0.00559419999999994,White
MD-020,42864,-0.02130378,0.64147376,0.33228283,0.42075015,0.57924985,0.41630369,0.07014519,0.00093769,0.07955233,0.01814882,33060,0.30919093,0.65252827,0.32715376,0.32537451,-0.01618358,Minority
MD-021,42715,-0.02470584,0.64790616,0.32045478,0.53523747,0.46476253,0.34415409,0.05541388,0.00096007,0.05124359,0.01785125,33331,0.32745138,0.64676798,0.32268138,0.3240866,0.00336478,White
MD-022,41975,-0.04160195,0.56899919,0.39121237,0.7461143,0.2538857,0.10260054,0.04064106,0.00093741,0.09842758,0.01164197,33070,0.17778682,0.56913394,0.39935423,0.16977971,0.00800711,White
MD-023,42648,-0.02623562,0.71017664,0.25193447,0.66414427,0.33585573,0.20818029,0.05020851,0.00124278,0.07337955,0.00897567,36209,0.45824217,0.69722837,0.27220993,0.42501844,0.03322373,White
MD-024,43309,-0.01114328,0.62853954,0.33938241,0.75477412,0.24522588,0.13620913,0.03374328,0.00114332,0.0633459,0.00923923,32362,0.28915713,0.68442027,0.29195899,0.39246128,-0.10330415,White
MD-025,42977,-0.0187237,0.84942976,0.12370253,0.1778745,0.8221255,0.72607502,0.06213484,0.00184038,0.03181234,0.01618369,34232,0.72572723,0.88386703,0.09968589,0.78418114,-0.05845391,Black
MD-026,43368,-0.00979615,0.86919163,0.09915206,0.08719421,0.91280579,0.78554195,0.05601197,0.00128272,0.07406163,0.01304096,32743,0.77003957,0.91211914,0.07483029,0.83728885,-0.06724928,Black
MD-027,42988,-0.01847254,0.68429224,0.26447234,0.47164826,0.52835174,0.33247239,0.05599097,0.00190001,0.12831018,0.01466572,33684,0.4198199,0.72423123,0.24540457,0.47882666,-0.05900676,Minority
MD-028,44528,0.01668965,0.73073861,0.23450892,0.32352631,0.67647369,0.46034092,0.09253786,0.00208454,0.12348937,0.01897198,37898,0.49622969,0.74893925,0.22420444,0.52473481,-0.02850512,Black
MD-029,44382,0.01335609,0.72168301,0.23619172,0.33182563,0.66817437,0.38540465,0.13976079,0.00176067,0.13378058,0.0204602,32942,0.48549129,0.75809422,0.21534509,0.54274913,-0.05725784,Black
MD-030,43579,-0.00497848,0.69487003,0.26257189,0.38223985,0.61776015,0.31317933,0.09770202,0.00211935,0.19837113,0.0202852,33029,0.43229814,0.72840175,0.24370411,0.48469764,-0.0523995,Minority
MD-031,43773,-0.00054895,0.37718351,0.592834,0.84141072,0.15858928,0.06568959,0.03275721,0.00143057,0.03301997,0.02078711,34252,-0.21565049,0.3850566,0.58784906,-0.20279246,-0.01285803,White
MD-032,42898,-0.02052747,0.56532106,0.39744823,0.7028981,0.2971019,0.1759115,0.05063883,0.00227485,0.05593643,0.01489561,32090,0.16787283,0.56491518,0.40202731,0.16288787,0.00498496000000009,White
MD-033,44499,0.01602751,0.55222071,0.40718563,0.82438472,0.17561528,0.06212383,0.05056314,0.00211549,0.03980692,0.01588106,33562,0.14503508,0.55290438,0.41315971,0.13974467,0.00529041,White
MD-034,44464,0.01522837,0.7992344,0.1729109,0.20843515,0.79156485,0.65653,0.06250943,0.00165928,0.07140918,0.02434609,33147,0.6263235,0.82392384,0.15856788,0.66535596,-0.03903246,Black
MD-035,44324,0.0120318,0.7924653,0.18241904,0.24417763,0.75582237,0.6406118,0.06790757,0.00238325,0.04208399,0.02712079,33148,0.61004626,0.80259821,0.18067358,0.62192463,-0.01187837,Black
MD-036,45099,0.02972706,0.8060463,0.16787237,0.23471243,0.76528757,0.67199932,0.06240055,0.00184701,0.0244942,0.02787565,35192,0.63817393,0.8112423,0.1705174,0.6407249,-0.00255096999999993,Black
MD-037,43540,-0.00586895,0.77596708,0.18962963,0.04031852,0.95968148,0.24367367,0.68843636,0.00198288,0.037895,0.08217928,31772,0.58633745,0.88063923,0.09885448,0.78178475,-0.1954473,Hispanic
MD-038,45281,0.03388259,0.82374457,0.13076278,0.13786168,0.86213832,0.45073701,0.39361549,0.00198259,0.02775623,0.03554291,34803,0.69298179,0.88412409,0.09011791,0.79400618,-0.10102439,Black
MD-039,45327,0.03493289,0.8013944,0.16335819,0.09118921,0.90881079,0.37912624,0.48926109,0.0022271,0.04744036,0.04152175,32778,0.63803621,0.86471794,0.10614027,0.75857767,-0.12054146,Hispanic
MD-040,43710,-0.00198741,0.78827964,0.16712894,0.23345807,0.76654193,0.36404134,0.28551913,0.00196009,0.11790211,0.0255999,33672,0.6211507,0.84190401,0.12954905,0.71235496,-0.09120426,Black
MD-041,44049,0.00575284,0.81574704,0.14098889,0.45306589,0.54693411,0.23229656,0.1271804,0.00124413,0.18641615,0.01561508,39385,0.67475815,0.83558282,0.13260298,0.70297984,-0.02822169,Minority
MD-042,45892,0.04783331,0.77332597,0.19281101,0.25935196,0.74064804,0.41294422,0.21669051,0.00211794,0.11150842,0.02164705,36356,0.58051496,0.80596878,0.1697888,0.63617998,-0.05566502,Black
MD-043,44382,0.01335609,0.76986355,0.19688109,0.36530952,0.63469048,0.46511428,0.09911565,0.00157919,0.06681406,0.0203859,34828,0.57298246,0.78265883,0.1919751,0.59068373,-0.01770127,Black
MD-044,44770,0.02221514,0.81108173,0.15232766,0.16874207,0.83125793,0.58728237,0.17352704,0.00164303,0.07433991,0.02300242,34692,0.65875407,0.84938714,0.1256938,0.72369334,-0.06493927,Black
MD-045,43974,0.0040404,0.83403885,0.12838504,0.09496724,0.90503276,0.62811197,0.21360929,0.00163788,0.07316855,0.02373437,33580,0.70565381,0.8878325,0.09251148,0.79532102,-0.08966721,Black
MD-046,45733,0.04420293,0.89265888,0.08207523,0.04801154,0.95198846,0.73462659,0.18986783,0.00108916,0.03379353,0.02066468,33971,0.81058365,0.92840681,0.05390782,0.87449899,-0.06391534,Black
MD-047,45448,0.03769564,0.84730581,0.11938418,0.07809772,0.92190228,0.60240893,0.29753485,0.00218993,0.02624959,0.02373413,33791,0.72792163,0.90123535,0.07310738,0.82812797,-0.10020634,Black
MD-048,44850,0.02404175,0.91699196,0.05625718,0.02024151,0.97975849,0.87956447,0.0951264,0.00121623,0.01248082,0.01517389,34533,0.86073478,0.94677098,0.03359411,0.91317687,-0.05244209,Black
MD-049,44814,0.02321977,0.90761102,0.07075539,0.05222295,0.94777705,0.88453147,0.03437137,0.0007084,0.03652489,0.0120994,35291,0.83685563,0.93226839,0.05383343,0.87843496,-0.04157933,Black
MD-050,44162,0.00833292,0.86695535,0.10773876,0.15022723,0.84977277,0.76039672,0.05584932,0.00182925,0.03904307,0.01823534,34987,0.75921659,0.88815364,0.09465678,0.79349686,-0.03428027,Black
MD-051,43888,0.00207679,0.92071723,0.05763141,0.03556277,0.96443723,0.89539022,0.05389938,0.00122434,0.02263603,0.01466359,35121,0.86308582,0.94311568,0.04145739,0.90165829,-0.03857247,Black
MD-052,45128,0.03038921,0.91857229,0.05505142,0.02629849,0.97370151,0.89500615,0.07132036,0.00108624,0.01217734,0.01660807,34983,0.86352087,0.94604748,0.03443778,0.9116097,-0.04808883,Black
MD-053,44982,0.02705565,0.92147497,0.05031206,0.02388361,0.97611639,0.89501864,0.0724077,0.00123343,0.01188574,0.01637092,35673,0.87116291,0.95218295,0.03020024,0.92198271,-0.0508198,Black
MD-054,44484,0.01568502,0.89068323,0.08355187,0.10783454,0.89216546,0.76632079,0.10158613,0.00285561,0.02903673,0.0214312,35369,0.80713136,0.91523731,0.06904338,0.84619393,-0.03906257,Black
MD-055,45215,0.03237564,0.8984207,0.07867538,0.06346291,0.93653709,0.79722024,0.10365152,0.0021931,0.03826964,0.01762706,36478,0.81974532,0.92580732,0.05856707,0.86724025,-0.04749493,Black
MD-056,45435,0.03739881,0.89138809,0.08121039,0.03995541,0.96004459,0.74351939,0.18177141,0.00194347,0.03884078,0.01974906,34989,0.8101777,0.93085195,0.05243216,0.87841979,-0.06824209,Black
MD-057,43805,0.00018169,0.86057394,0.1127997,0.12552454,0.87447546,0.68034472,0.10685217,0.00185879,0.08848959,0.02016504,35507,0.74777424,0.88525912,0.09542246,0.78983666,-0.04206242,Black
MD-058,45540,0.03979624,0.74716202,0.21459997,0.24008988,0.75991012,0.25691404,0.35100254,0.00187255,0.15095644,0.02520742,34712,0.53256205,0.8096588,0.16797237,0.64168643,-0.10912438,Hispanic
MD-059,43957,0.00365224,0.77359578,0.18415569,0.4474332,0.5525668,0.22666746,0.21145348,0.00112696,0.10860346,0.0235179,33719,0.58944009,0.82188777,0.15454741,0.66734036,-0.07790027,Minority
MD-060,45072,0.02911058,0.71042471,0.25298485,0.26068339,0.73931661,0.14819315,0.4208836,0.00164916,0.16329601,0.03118942,34563,0.45743986,0.78701581,0.18507907,0.60193674,-0.14449688,Hispanic
MD-061,44238,0.0100682,0.73319651,0.2279374,0.32424726,0.67575274,0.32661382,0.15279995,0.00202441,0.19012318,0.01893248,35072,0.50525911,0.78417525,0.19200383,0.59217142,-0.08691231,Black
MD-062,44086,0.00659765,0.71470567,0.2523701,0.58036041,0.41963959,0.16541565,0.10075623,0.00157432,0.14351579,0.01217284,35571,0.46233557,0.73601529,0.24180023,0.49421506,-0.03187949,White
MD-063,44724,0.02116484,0.5830678,0.37691738,0.66205917,0.33794083,0.10153873,0.12106987,0.00194152,0.10035063,0.01825611,34509,0.20615042,0.603851,0.36706856,0.23678244,-0.03063202,White
MD-064,43202,-0.01358636,0.71025078,0.24970632,0.28962588,0.71037412,0.26242545,0.22657991,0.00213868,0.21796494,0.02048316,33198,0.46054446,0.77244291,0.20197345,0.57046946,-0.109925,Minority
MD-065,44255,0.01045636,0.72105523,0.23923655,0.28991368,0.71008632,0.2823082,0.21479447,0.00187119,0.20909036,0.01964749,33134,0.48181868,0.77603276,0.19644431,0.57958845,-0.09776977,Minority
MD-066,44776,0.02235214,0.65789474,0.29911163,0.40761192,0.59238808,0.16156606,0.10194977,0.00149743,0.32204024,0.01282171,32055,0.35878311,0.7010159,0.27566254,0.42535336,-0.06657025,Minority
MD-067,45419,0.03703349,0.70913435,0.24708301,0.28063622,0.71936378,0.24570261,0.33524004,0.0020429,0.13576536,0.02842551,34265,0.46205134,0.7721137,0.2004129,0.5717008,-0.10964946,Hispanic
MD-068,43035,-0.01739941,0.70756821,0.25341028,0.25975199,0.74024801,0.23004455,0.34279437,0.00310017,0.1650614,0.02648688,33224,0.45415793,0.76457923,0.20632382,0.55825541,-0.10409748,Hispanic
MD-069,43192,-0.01381469,0.73016215,0.23379842,0.41626469,0.58373531,0.13998145,0.194094,0.00182437,0.24016698,0.01533704,32340,0.49636373,0.76949259,0.20495366,0.56453893,-0.0681752,Minority
MD-070,42444,-0.03089347,0.74015136,0.22200912,0.43595539,0.56404461,0.11283271,0.22536803,0.00115985,0.21617844,0.01968773,33625,0.51814224,0.7773734,0.19720287,0.58017053,-0.06202829,Minority
MD-071,45717,0.0438376,0.72406898,0.2375906,0.36407059,0.63592941,0.21110889,0.25046478,0.00188771,0.15370535,0.01979235,34963,0.48647838,0.76224853,0.21113678,0.55111175,-0.06463337,Minority
MD-072,42678,-0.02555064,0.77337518,0.18682708,0.51709575,0.48290425,0.1414232,0.0956899,0.00199595,0.23601388,0.0131617,34570,0.5865481,0.80328014,0.17154255,0.63173759,-0.04518949,White
MD-073,42471,-0.03027699,0.69336904,0.26146417,0.51426203,0.48573797,0.06589088,0.05492953,0.00107464,0.35318861,0.00752249,32569,0.43190487,0.7330175,0.24295102,0.49006648,-0.05816161,White
MD-074,44616,0.01869892,0.70367526,0.25070087,0.61074179,0.38925821,0.06228951,0.07043078,0.00163997,0.24289103,0.0059156,34147,0.45297439,0.74846356,0.22819725,0.52026631,-0.06729192,White
MD-075,45081,0.02931608,0.78376904,0.17922034,0.60141665,0.39858335,0.09806721,0.10841753,0.00172963,0.17587305,0.01032286,36424,0.6045487,0.81533115,0.16261945,0.6527117,-0.048163,White
MD-076,45659,0.04251331,0.83167171,0.13363952,0.73201761,0.26798239,0.04628709,0.07951157,0.00122107,0.12463439,0.00715604,35215,0.69803219,0.84541739,0.1331885,0.71222889,-0.0141967,White
MD-077,42599,-0.02735442,0.82260819,0.14344621,0.69165605,0.30834395,0.06519357,0.08637185,0.00183644,0.14143538,0.01001155,33761,0.67916198,0.85172619,0.12906099,0.7226652,-0.04350322,White
MD-078,45334,0.03509272,0.8275334,0.13506374,0.63318474,0.36681526,0.17194465,0.10713252,0.00231575,0.07818561,0.01519713,34546,0.69246966,0.85003165,0.12338509,0.72664656,-0.0341769,White
MD-079,44618,0.01874459,0.89383836,0.0730417,0.41738382,0.58261618,0.37310532,0.12939315,0.0019155,0.07928488,0.01746155,36022,0.82079666,0.92600945,0.05364965,0.8723598,-0.05156314,Minority
MD-080,44672,0.01997755,0.78225149,0.18162433,0.25247104,0.74752896,0.29855679,0.35034261,0.00118246,0.10199503,0.03301801,32982,0.60062716,0.84955805,0.12795871,0.72159934,-0.12097218,Hispanic
MD-081,45325,0.03488723,0.78997862,0.17581273,0.15059087,0.84940913,0.5805558,0.15203489,0.00191554,0.12598356,0.01550113,33933,0.61416589,0.85754338,0.12113838,0.736405,-0.12223911,Black
MD-082,45615,0.04150868,0.5992269,0.37157547,0.52357003,0.47642997,0.37223311,0.04765152,0.00312562,0.03602989,0.031995,35193,0.22765143,0.58136206,0.39557906,0.185783,0.04186843,White
MD-083,45594,0.0410292,0.33732806,0.63697004,0.79476729,0.20523271,0.1266281,0.02790207,0.00179554,0.02225896,0.02627754,35087,-0.29964198,0.3419041,0.63389609,-0.29199199,-0.00764999,White
MD-084,43267,-0.01210225,0.37963038,0.59073516,0.80292105,0.19707895,0.10205271,0.03451873,0.0025774,0.03718818,0.01920776,32591,-0.21110478,0.39010845,0.58037432,-0.19026587,-0.02083891,White
MD-085,44985,0.02712415,0.52783232,0.43564697,0.59545849,0.40454151,0.25143188,0.07547006,0.00344229,0.05956031,0.02600521,34570,0.09218535,0.54006653,0.42546114,0.11460539,-0.02242004,White
MD-086,44737,0.02146166,0.43225115,0.54345928,0.73223947,0.26776053,0.17995766,0.03746177,0.00188191,0.02349447,0.02572924,34008,-0.11120813,0.46243964,0.51243069,-0.04999105,-0.06121708,White
MD-087,45537,0.03972774,0.42780315,0.54486518,0.78027581,0.21972419,0.12655001,0.03641789,0.00257851,0.03079731,0.02306177,34516,-0.11706203,0.45393116,0.52265681,-0.06872565,-0.04833638,White
MD-088,44062,0.00604967,0.43997063,0.52795703,0.80693284,0.19306716,0.0809795,0.06490503,0.00095406,0.02145191,0.02309983,34589,-0.0879864,0.45086342,0.52421507,-0.07335165,-0.01463475,White
MD-089,43672,-0.00285505,0.55316575,0.41171801,0.76790847,0.23209153,0.09970129,0.07752353,0.00188807,0.03756411,0.01380826,35486,0.14144774,0.56033297,0.41261288,0.14772009,-0.00627235,White
MD-090,44132,0.00764795,0.69525851,0.2715423,0.6363194,0.3636806,0.17856325,0.1406411,0.00145965,0.03302805,0.01611334,34940,0.42371621,0.7101002,0.26385659,0.44624361,-0.0225274,White
MD-091,42762,-0.0236327,0.56804065,0.39134468,0.73367255,0.26632745,0.12345258,0.05755329,0.00279234,0.06732649,0.01765381,32231,0.17669597,0.57960437,0.38521975,0.19438462,-0.01768865,White
MD-092,44199,0.00917773,0.67222549,0.29244728,0.56366847,0.43633153,0.25969795,0.08839291,0.00426283,0.07560441,0.02268437,32842,0.37977821,0.66202205,0.31039174,0.35163031,0.0281479,White
MD-093,45675,0.04287864,0.5908166,0.37268867,0.53330518,0.46669482,0.28023649,0.09163851,0.00281532,0.08023649,0.02446509,35520,0.21812793,0.59060793,0.37778673,0.2128212,0.00530673,White
MD-094,41848,-0.04450169,0.46957148,0.49765934,0.65583516,0.34416484,0.17374565,0.08821265,0.00261804,0.05889057,0.02550282,32467,-0.02808786,0.47278247,0.49794196,-0.02515949,-0.00292837,White
MD-095,42540,-0.02870154,0.50090237,0.47033824,0.59086561,0.40913439,0.22405548,0.11588355,0.00176351,0.04656863,0.03039813,33456,0.03056413,0.51175459,0.4625,0.04925459,-0.01869046,White
MD-096,44716,0.02098218,0.43470347,0.53689201,0.73894908,0.26105092,0.13886797,0.05190893,0.00199873,0.04643416,0.02288396,34522,-0.10218854,0.43204565,0.53880597,-0.10676032,0.00457178,White
MD-097,42731,-0.02434051,0.87884756,0.08767323,0.13491041,0.86508959,0.80209867,0.04102234,0.00141139,0.01804124,0.01770373,32592,0.79117433,0.9176327,0.06582605,0.85180665,-0.06063232,Black
MD-098,44854,0.02413308,0.63437052,0.33350198,0.37506106,0.62493894,0.42082926,0.14698339,0.00186248,0.04399731,0.02381534,32752,0.30086854,0.67061924,0.30473533,0.36588391,-0.06501537,Black
MD-099,42091,-0.03895337,0.55397653,0.40691615,0.66256611,0.33743389,0.14805832,0.03976858,0.00189931,0.13271776,0.01770739,34223,0.14706038,0.55189819,0.41497074,0.13692745,0.01013293,White
MD-100,42841,-0.02182893,0.90163456,0.06779043,0.11310239,0.88689761,0.77681293,0.06294072,0.00166282,0.04729792,0.016505,32475,0.83384413,0.93586231,0.04875307,0.88710924,-0.05326511,Black
MD-101,44780,0.02244347,0.8844627,0.0777788,0.4270073,0.5729927,0.40174661,0.04236184,0.00106882,0.11916058,0.0129562,38360,0.8066839,0.89974677,0.08067288,0.81907389,-0.01238999,Minority
MD-102,42389,-0.03214926,0.88072874,0.09000826,0.35852454,0.64147546,0.52396166,0.04060412,0.0010456,0.07502178,0.01243102,34430,0.79072048,0.89758732,0.08298001,0.81460731,-0.02388683,Black
MD-103,44908,0.02536604,0.68487482,0.29034761,0.33275493,0.66724507,0.58169935,0.0514489,0.00089652,0.02348314,0.01185725,34578,0.39452721,0.73814876,0.24331885,0.49482991,-0.1003027,Black
MD-104,41814,-0.045278,0.9084696,0.05729433,0.125,0.875,0.81269359,0.0279664,0.00139981,0.03362521,0.01465332,33576,0.85117527,0.93982757,0.04364747,0.8961801,-0.04500483,Black
MD-105,42716,-0.024683,0.8940611,0.05458225,0.32977872,0.67022128,0.52585918,0.05461024,0.00123938,0.08737638,0.01497586,38729,0.83947885,0.92985666,0.04300091,0.88685575,-0.0473769,Black
MD-106,42717,-0.02466017,0.91588843,0.0570227,0.04301955,0.95698045,0.93005912,0.01979688,0.00093982,0.00779142,0.01330908,32985,0.85886573,0.95381964,0.03245261,0.92136703,-0.0625013,Black
MD-107,44615,0.01867609,0.83343077,0.13436088,0.41213955,0.58786045,0.48710809,0.0372433,0.00133872,0.05898418,0.01103109,37349,0.69906989,0.85045412,0.12417789,0.72627623,-0.02720634,Black
MD-108,42044,-0.04002651,0.82435647,0.13983519,0.62588503,0.37411497,0.18915986,0.08713344,0.00067819,0.08634674,0.01654776,36863,0.68452128,0.82604019,0.14599325,0.68004694,0.00447434,White
MD-109,44950,0.02632501,0.84743391,0.1221828,0.27732279,0.72267721,0.66083027,0.03281559,0.00177916,0.01872352,0.0175939,35410,0.72525111,0.86110429,0.11896933,0.74213496,-0.01688385,Black
MD-110,42036,-0.04020917,0.86854083,0.10508701,0.12221417,0.87778583,0.80506257,0.05986193,0.00129244,0.01235696,0.01424834,31723,0.76345382,0.90608017,0.0799821,0.82609807,-0.06264425,Black
MD-111,43806,0.00020452,0.69203898,0.26833977,0.43039411,0.56960589,0.22312529,0.29857384,0.00095077,0.0379083,0.03361448,32605,0.42369921,0.72898097,0.24387698,0.48510399,-0.06140478,Minority
MD-112,43155,-0.0146595,0.76654935,0.19000335,0.47619884,0.52380116,0.27410855,0.07298437,0.00219568,0.16798407,0.01794602,34158,0.576546,0.80241626,0.17026951,0.63214675,-0.05560075,Minority
MD-113,43514,-0.0064626,0.77830326,0.18158058,0.47608434,0.52391566,0.28951807,0.11316265,0.00171687,0.11557229,0.01936747,33200,0.59672268,0.79875415,0.17225914,0.62649501,-0.02977233,Minority
MD-114,43240,-0.01271873,0.70713088,0.25200777,0.52032844,0.47967156,0.20316186,0.07972058,0.0012868,0.18793468,0.0149208,32639,0.45512311,0.72549184,0.2461325,0.47935934,-0.02423623,White
MD-115,43366,-0.00984182,0.58502442,0.36661241,0.65228536,0.34771464,0.08221124,0.03483632,0.0011118,0.21278567,0.01114886,32380,0.21841201,0.59429298,0.37488186,0.21941112,-0.00099910999999997,White
MD-116,44127,0.00753378,0.60684506,0.34634627,0.6276436,0.3723564,0.06954458,0.030882,0.00102139,0.25898222,0.01009373,33288,0.26049879,0.62057926,0.35090462,0.26967464,-0.00917584999999993,White
MD-117,42569,-0.02803939,0.66395462,0.28801897,0.48267694,0.51732306,0.13277327,0.0448473,0.00148438,0.32969081,0.00938003,31663,0.37593565,0.6865059,0.28592752,0.40057838,-0.02464273,Minority
MD-118,43691,-0.00242123,0.87798213,0.10028628,0.13993909,0.86006091,0.7922604,0.0313721,0.00137899,0.03757757,0.01551368,34808,0.77769585,0.90133233,0.0852606,0.81607173,-0.03837588,Black
MD-119,43792,-0.00011513,0.79682357,0.17606186,0.29015804,0.70984196,0.54062979,0.08998703,0.00094351,0.07692534,0.01636396,33916,0.62076171,0.82284828,0.15890411,0.66394417,-0.04318246,Black
MD-120,42616,-0.02696626,0.42040863,0.5398338,0.85366513,0.14633487,0.05232471,0.03284946,0.00093169,0.04162534,0.01562829,33273,-0.11942517,0.42704243,0.53368753,-0.1066451,-0.01278007,White
MD-121,44013,0.00493087,0.3053013,0.6616356,0.9002762,0.0997238,0.02881233,0.02613752,0.00087222,0.01979939,0.01779328,34395,-0.3563343,0.31224381,0.6520419,-0.33979809,-0.01653621,White
MD-122,43824,0.00061551,0.38129253,0.58497823,0.83280784,0.16719216,0.06450493,0.05195106,0.00121489,0.03092187,0.01865726,34571,-0.2036857,0.39067664,0.57427379,-0.18359715,-0.02008855,White
MD-123,42187,-0.03676144,0.33261514,0.6371821,0.89195038,0.10804962,0.03367978,0.0329178,0.0010363,0.01773904,0.01703801,32809,-0.30456696,0.32600352,0.63857348,-0.31256996,0.008003,White
MD-124,42587,-0.02762841,0.44115684,0.52884687,0.84527256,0.15472744,0.04641823,0.05407677,0.00161888,0.02913982,0.02070297,32121,-0.08769003,0.43897685,0.53079004,-0.09181319,0.00412316,White
MD-125,42260,-0.03509467,0.57467436,0.39683245,0.72751872,0.27248128,0.12347795,0.0850245,0.00153333,0.05041941,0.01746791,33261,0.17784191,0.56263121,0.4097065,0.15292471,0.0249172,White
MD-126,42694,-0.02518532,0.68580774,0.28160397,0.47589917,0.52410083,0.21487857,0.23071011,0.00193667,0.0690747,0.02474639,32530,0.40420377,0.70800733,0.26155257,0.44645476,-0.04225099,Minority
MD-127,44035,0.00543319,0.50907425,0.45596786,0.73565549,0.26434451,0.07009461,0.0751628,0.00110579,0.09893722,0.01726256,32556,0.05310639,0.52515113,0.44682712,0.07832401,-0.02521762,White
MD-128,42934,-0.0197055,0.61058738,0.3549887,0.63726942,0.36273058,0.15781356,0.11620088,0.0020976,0.07381702,0.02005059,32418,0.25559868,0.62494856,0.34505464,0.27989392,-0.02429524,White
MD-129,42744,-0.02404369,0.48057053,0.48768344,0.80302061,0.19697939,0.07444962,0.06379221,0.00140069,0.03848847,0.01994458,32841,-0.00711291,0.47976577,0.49131673,-0.01155096,0.00443805,White
MD-130,43277,-0.01187392,0.34139844,0.63279032,0.85027678,0.14972322,0.06051021,0.04457722,0.00181589,0.02433881,0.0210292,34143,-0.29139188,0.34772953,0.62765203,-0.2799225,-0.01146938,White
MD-131,42524,-0.02906686,0.36822553,0.60172535,0.75519051,0.24480949,0.14985245,0.04875819,0.00112298,0.02554125,0.01788932,38291,-0.23349982,0.38179335,0.59526627,-0.21347292,-0.0200269,White
MD-132,43801,0.00009036,0.52866619,0.43849741,0.66176335,0.33823665,0.21346313,0.07947671,0.00181187,0.02745447,0.02616467,32563,0.09016878,0.5495551,0.42422998,0.12532512,-0.03515634,White
MD-133,42829,-0.02210292,0.23589049,0.74359933,0.87235784,0.12764216,0.06086829,0.03408858,0.00102324,0.01333138,0.01730741,34205,-0.50770884,0.23726528,0.74505593,-0.50779065,8.180999999996E-05,White
MD-134,43793,-0.0000923,0.33694094,0.63572453,0.88824869,0.11175131,0.05927654,0.01377217,0.0008713,0.01708873,0.01821299,35579,-0.29878359,0.35026337,0.62779684,-0.27753347,-0.02125012,White
MD-135,43722,-0.00171342,0.21238592,0.76497175,0.89397117,0.10602883,0.0701107,0.01088428,0.00122116,0.006212,0.01446813,37669,-0.55258583,0.20889228,0.77163623,-0.56274395,0.01015812,White
MD-136,42222,-0.0359623,0.49050052,0.48287699,0.75859361,0.24140639,0.14186006,0.06706218,0.001425,0.01805968,0.01570407,34386,0.00762353,0.49394112,0.48162004,0.01232108,-0.00469755,White
MD-137,43086,-0.01623494,0.36945235,0.60558039,0.69252418,0.30747582,0.24361546,0.03538816,0.0015269,0.01281399,0.01835274,33401,-0.23612804,0.39203989,0.58395861,-0.19191872,-0.04420932,White
MD-138,43500,-0.00678225,0.63696577,0.32894095,0.43968613,0.56031387,0.43754338,0.07605251,0.00178059,0.03757356,0.01955636,33135,0.30802482,0.66466982,0.3078852,0.35678462,-0.0487598,Minority
MD-139,43120,-0.01545864,0.3930531,0.57951299,0.73021509,0.26978491,0.16367851,0.04944394,0.00178996,0.03811732,0.01880924,34079,-0.18645989,0.400047,0.57301998,-0.17297298,-0.01348691,White
MD-140,43462,-0.00764989,0.39133507,0.58366824,0.62341178,0.37658822,0.30978931,0.02991476,0.00080416,0.01911221,0.02045247,37306,-0.19233317,0.40802646,0.57358324,-0.16555678,-0.02677639,White
MD-141,42447,-0.03082497,0.37418182,0.60090909,0.84736115,0.15263885,0.08453324,0.03291161,0.00042267,0.01775198,0.01363803,35489,-0.22672727,0.39406311,0.58846198,-0.19439887,-0.0323284,White
MI-001,93422,0.01975764,0.53924097,0.44802926,0.72117392,0.27882608,0.18064254,0.05183679,0.00079978,0.02079436,0.01991324,73770,0.09121171,0.53906265,0.44642492,0.09263773,-0.00142601999999992,White
MI-002,90761,-0.00928878,0.50113266,0.48319428,0.79174318,0.20825682,0.02544333,0.12881475,0.00103736,0.03341978,0.02087334,71335,0.01793838,0.49733303,0.48411247,0.01322056,0.00471782,White
MI-003,95033,0.03734268,0.58521155,0.39921357,0.66415171,0.33584829,0.24051473,0.05583474,0.00108364,0.01110735,0.02774128,73825,0.18599798,0.5965428,0.38560084,0.21094196,-0.02494398,White
MI-004,91441,-0.00186617,0.48711589,0.49889762,0.72741328,0.27258672,0.14972872,0.05573132,0.00104505,0.03885302,0.02697092,69853,-0.01178173,0.50024989,0.4809015,0.01934839,-0.03113012,White
MI-005,93718,0.02298866,0.44890306,0.53461935,0.77843188,0.22156812,0.14129947,0.0364635,0.00085653,0.01611083,0.02475766,73553,-0.08571629,0.46068529,0.52039436,-0.05970907,-0.02600722,White
MI-006,92126,0.00561102,0.49777731,0.48522069,0.84224335,0.15775665,0.04185657,0.03754243,0.00167697,0.0328361,0.03904359,73943,0.01255662,0.50387428,0.47644959,0.02742469,-0.01486807,White
MI-007,93606,0.02176611,0.60109278,0.38495097,0.58605286,0.41394714,0.26980188,0.10580304,0.00124085,0.02376915,0.02010175,72531,0.21614181,0.61454606,0.37124684,0.24329922,-0.02715741,White
MI-008,90951,-0.00721482,0.49472479,0.49239388,0.8017653,0.1982347,0.10200615,0.06231466,0.00038981,0.00968968,0.02231689,71829,0.00233091,0.50879001,0.47538179,0.03340822,-0.03107731,White
MI-009,92779,0.01273891,0.5755051,0.40704452,0.80363179,0.19636821,0.08396424,0.03908367,0.00097779,0.05028635,0.02017041,71590,0.16846058,0.57376781,0.40751309,0.16625472,0.00220586,White
MI-010,93907,0.02505171,0.74387016,0.23801895,0.65359959,0.34640041,0.21869803,0.07213937,0.00113996,0.03254922,0.02546805,74564,0.50585121,0.74806487,0.23104036,0.51702451,-0.0111733,White
MI-011,91901,0.00315501,0.56466474,0.41895271,0.78452276,0.21547724,0.09206529,0.05362075,0.00115996,0.04565289,0.02110031,72416,0.14571203,0.56998314,0.41391675,0.15606639,-0.01035436,White
MI-012,93542,0.02106751,0.71925099,0.25882611,0.5952549,0.4047451,0.21765568,0.12238721,0.0018052,0.04381345,0.03171996,73676,0.46042488,0.736229,0.2435259,0.4927031,-0.03227822,White
MI-013,92200,0.00641877,0.72650071,0.25382599,0.71297419,0.28702581,0.10207235,0.0479334,0.00123856,0.12186371,0.01302399,78317,0.47267472,0.73879357,0.24707924,0.49171433,-0.01903961,White
MI-014,91779,0.0018233,0.54363732,0.43833446,0.77706601,0.22293399,0.10605803,0.05845919,0.00104644,0.03229821,0.02444991,70716,0.10530286,0.55630186,0.423548,0.13275386,-0.027451,White
MI-015,91135,-0.00520635,0.52548383,0.46000531,0.91491036,0.08508964,0.00871038,0.02707822,0.00090705,0.00995091,0.0292925,74968,0.06547852,0.51649184,0.46887739,0.04761445,0.01786407,White
MI-016,93364,0.01912454,0.40655512,0.43695108,0.82048003,0.17951997,0.08394083,0.04645379,0.00105157,0.02749712,0.01662617,70371,-0.03039596,0.6147753,0.37137428,0.24340102,-0.27379698,White
MI-017,93666,0.02242105,0.37299483,0.40946166,0.79075362,0.20924638,0.09670845,0.04767232,0.00070489,0.0472739,0.00894909,65258,-0.03646683,0.75611249,0.23171085,0.52440164,-0.56086847,White
MI-018,89186,-0.02648086,0.70936776,0.26108904,0.28390172,0.71609828,0.25736644,0.44090748,0.00151354,0.01159308,0.03770972,62106,0.44827872,0.7964403,0.19137522,0.60506508,-0.15678636,Hispanic
MI-019,88457,-0.03443834,0.34078811,0.64461791,0.91753977,0.08246023,0.01602321,0.02567145,0.00061463,0.00766141,0.02349881,69961,-0.3038298,0.35609664,0.62780859,-0.27171195,-0.03211785,White
MI-020,95124,0.038336,0.38824025,0.59692608,0.8545021,0.1454979,0.05216852,0.04333005,0.00063324,0.01308255,0.02941216,74221,-0.20868583,0.41746338,0.56566158,-0.1481982,-0.06048763,White
MI-021,93941,0.02542284,0.49019166,0.49146122,0.75595198,0.24404802,0.06420963,0.13915244,0.00129935,0.0119784,0.03031821,73883,-0.00126956,0.5210204,0.46358671,0.05743369,-0.05870325,White
MI-022,93423,0.01976856,0.49175178,0.49096115,0.71436086,0.28563914,0.1558424,0.07021945,0.00128138,0.0272731,0.03003817,74139,0.000790630000000014,0.52075994,0.46354853,0.05721141,-0.05642078,White
MI-023,94907,0.03596732,0.43165343,0.550466,0.82340473,0.17659527,0.06558571,0.0490535,0.00080806,0.03246831,0.02342063,75489,-0.11881257,0.45958389,0.52655168,-0.06696779,-0.05184478,White
MI-024,89154,-0.02683016,0.68213378,0.29808041,0.43740862,0.56259138,0.48697292,0.03500205,0.0011989,0.02128779,0.02403649,68396,0.38405337,0.71866973,0.26902798,0.44964175,-0.06558838,Black
MI-025,92274,0.00722653,0.83434117,0.14391498,0.68876599,0.31123401,0.06590944,0.04475988,0.00200746,0.18174636,0.0124333,77212,0.69042619,0.84562371,0.14355431,0.7020694,-0.01164321,White
MI-026,92985,0.01498752,0.78391465,0.18695501,0.6472584,0.3527416,0.11022301,0.06113476,0.00152487,0.16497872,0.01454984,78695,0.59695964,0.81948093,0.16891569,0.65056524,-0.0536056,White
MI-027,93068,0.01589352,0.67369567,0.29189189,0.61825877,0.38174123,0.26379148,0.05304313,0.0019347,0.03873438,0.02637377,74430,0.38180378,0.70528947,0.27890663,0.42638284,-0.04457906,White
MI-028,91149,-0.00505353,0.56721997,0.41547278,0.82951027,0.17048973,0.07306502,0.03824937,0.00095694,0.03592739,0.01929355,71060,0.15174719,0.56632756,0.41880011,0.14752745,0.00421974000000008,White
MI-029,93269,0.01808755,0.53870853,0.44647862,0.7202695,0.2797305,0.21951868,0.02154124,0.00074418,0.01549481,0.01893663,75251,0.09222991,0.54947178,0.43633012,0.11314166,-0.02091175,White
MI-030,89834,-0.01940755,0.66443898,0.32089959,0.55304226,0.44695774,0.39793384,0.0195365,0.00074522,0.01996025,0.01171898,68436,0.34353939,0.66917433,0.32059739,0.34857694,-0.00503755000000006,White
MI-031,91194,-0.00456233,0.90358502,0.07318507,0.2313347,0.7686653,0.6933969,0.02816428,0.0012661,0.04160045,0.01375916,77403,0.83039995,0.93754384,0.05285167,0.88469217,-0.05429222,Black
MI-032,87710,-0.04259229,0.92678752,0.0589853,0.03789745,0.96210255,0.94413106,0.0118221,0.00074683,0.00667376,0.01094815,62933,0.86780222,0.95124384,0.04048345,0.91076039,-0.04295817,Black
MI-033,88711,-0.03166577,0.76135479,0.18385025,0.26046197,0.73953803,0.55617883,0.01459989,0.0012141,0.16207411,0.01294011,65069,0.57750454,0.91952103,0.07058453,0.8489365,-0.27143196,Black
MI-034,89370,-0.02447239,0.92106935,0.06026998,0.05178145,0.94821855,0.92811223,0.01337004,0.0009958,0.00499363,0.0129893,68287,0.86079937,0.95492765,0.03715291,0.91777474,-0.05697537,Black
MI-035,88019,-0.03921937,0.91627715,0.06722574,0.05232296,0.94767704,0.91070568,0.03043877,0.00116653,0.00482168,0.01350069,64293,0.84905141,0.95009191,0.04132027,0.90877164,-0.05972023,Black
MI-036,90718,-0.00975815,0.79404815,0.18728213,0.30013643,0.69986357,0.65267466,0.02549006,0.00066059,0.01051196,0.01947297,69635,0.60676602,0.80387415,0.18382806,0.62004609,-0.01328007,Black
MI-037,88871,-0.02991928,0.93132064,0.05371585,0.02160126,0.97839874,0.96372,0.00867921,0.00072947,0.00397487,0.01237123,67172,0.87760479,0.95862118,0.03428125,0.92433993,-0.04673514,Black
MI-038,89690,-0.0209794,0.50659489,0.47614043,0.7221307,0.2778693,0.19784846,0.02481026,0.0010983,0.02510596,0.02565511,71019,0.03045446,0.52880224,0.45555795,0.07324429,-0.04278983,White
MI-039,88939,-0.02917701,0.47436506,0.51028562,0.7718058,0.2281942,0.15970293,0.02498969,0.00078394,0.02343557,0.01631137,72710,-0.03592056,0.49400345,0.49193775,0.0020657,-0.03798626,White
MI-040,95579,0.0433026,0.80164293,0.18268552,0.31061216,0.68938784,0.62996028,0.02109915,0.00097066,0.03230009,0.01278465,78297,0.61895741,0.82684828,0.16520746,0.66164082,-0.04268341,Black
MI-041,89335,-0.02485444,0.48817439,0.48984128,0.75617628,0.24382372,0.04181304,0.04021363,0.00075686,0.14101905,0.01330934,70026,-0.00166689,0.50961181,0.47804343,0.03156838,-0.03323527,White
MI-042,95535,0.04282231,0.4922441,0.48633941,0.85641974,0.14358026,0.05293893,0.03020528,0.00065026,0.03822517,0.01691955,78430,0.00590469,0.50184706,0.48339227,0.01845479,-0.0125501,White
MI-043,95583,0.04334626,0.62487797,0.34920518,0.61311895,0.38688105,0.18148741,0.02737813,0.00070463,0.16323106,0.01104349,78055,0.27567279,0.64652568,0.34085343,0.30567225,-0.02999946,White
MI-044,90629,-0.01072964,0.52589897,0.45251339,0.72181552,0.27818448,0.16796811,0.03683369,0.0009083,0.04452036,0.02442926,73764,0.07338558,0.54883212,0.43567873,0.11315339,-0.03976781,White
MI-045,94802,0.03482118,0.54592252,0.41873525,0.66226717,0.33773283,0.15963421,0.03679412,0.00107743,0.11502875,0.02304346,74251,0.12718727,0.58927755,0.39668304,0.19259451,-0.06540724,White
MI-046,92075,0.00505432,0.53316493,0.42834094,0.7559198,0.2440802,0.05757001,0.0309534,0.0004988,0.13750294,0.01222064,72173,0.10482399,0.56536497,0.42248881,0.14287616,-0.03805217,White
MI-047,89749,-0.02033538,0.54553273,0.43087508,0.64652182,0.35347818,0.06886693,0.03460037,0.00081276,0.23403144,0.01105935,68901,0.11465765,0.56650024,0.42243759,0.14406265,-0.029405,White
MI-048,87853,-0.04103136,0.51090893,0.45179313,0.68653683,0.31346317,0.13505504,0.02521874,0.00076207,0.12972058,0.01868473,70860,0.0591158,0.56190391,0.42357667,0.13832724,-0.07921144,White
MI-049,88554,-0.03337952,0.52351961,0.45043752,0.67263626,0.32736374,0.22247155,0.02245429,0.00100692,0.05893353,0.02033976,69519,0.07308209,0.55438233,0.43064182,0.12374051,-0.05065842,White
MI-050,90316,-0.01414623,0.74124157,0.24067093,0.67971147,0.32028853,0.24613769,0.02825313,0.00069542,0.02570326,0.01828545,73337,0.50057064,0.75495545,0.23083431,0.52412114,-0.0235505,White
MI-051,87294,-0.04713319,0.52029543,0.44952739,0.64845634,0.35154366,0.04451632,0.02931491,0.00054396,0.26296677,0.00967363,68020,0.07076804,0.54841387,0.44020892,0.10820495,-0.03743691,White
MI-052,88900,-0.02960272,0.62405427,0.35951712,0.86738255,0.13261745,0.03854704,0.03057086,0.00099702,0.043357,0.01273225,74221,0.26453715,0.63091195,0.35424501,0.27666694,-0.01212979,White
MI-053,90308,-0.01423355,0.68943349,0.29158196,0.39615319,0.60384681,0.38242068,0.14225805,0.00123678,0.06812237,0.02217673,70344,0.39785153,0.72457221,0.26121834,0.46335387,-0.06550234,Minority
MI-054,93190,0.01722522,0.52987702,0.44123265,0.76961829,0.23038171,0.09419768,0.02217454,0.00090979,0.09785044,0.00797089,73643,0.08864437,0.57521134,0.41563588,0.15957546,-0.07093109,White
MI-055,93821,0.02411297,0.4618925,0.52141508,0.8031361,0.1968639,0.08301746,0.03134767,0.00091769,0.05922409,0.01516179,75189,-0.05952258,0.48757499,0.49985219,-0.0122772,-0.04724538,White
MI-056,93101,0.01625373,0.40858758,0.5692272,0.80968655,0.19031345,0.07680088,0.02436322,0.00092113,0.07060661,0.01285577,74908,-0.16063962,0.45542135,0.53221702,-0.07679567,-0.08384395,White
MI-057,89884,-0.01886177,0.34533021,0.63423212,0.82196524,0.17803476,0.04624333,0.02434734,0.00078942,0.09101863,0.01113496,72205,-0.28890191,0.39119658,0.59775267,-0.20655609,-0.08234582,White
MI-058,91663,0.00055709,0.34859077,0.63829498,0.8560153,0.1439847,0.05627121,0.0258353,0.00066134,0.0403416,0.01352867,69556,-0.28970421,0.37962397,0.61002265,-0.23039868,-0.05930553,White
MI-059,92789,0.01284806,0.30346667,0.68426667,0.89928106,0.10071894,0.02228439,0.03051434,0.00081083,0.02467634,0.01532474,73998,-0.3808,0.32162446,0.66728738,-0.34566292,-0.03513708,White
MI-060,93943,0.02544467,0.36621803,0.62115669,0.84667014,0.15332986,0.08323659,0.02747421,0.00076058,0.01547843,0.02117609,74943,-0.25493866,0.38264107,0.60391137,-0.2212703,-0.03366836,White
MI-061,90526,-0.01185395,0.43416465,0.55112424,0.8417955,0.1582045,0.05055601,0.05691619,0.00062381,0.02205045,0.0222403,73740,-0.11695959,0.44065014,0.54250099,-0.10185085,-0.01510874,White
MI-062,95887,0.04666461,0.41516995,0.57016377,0.85792298,0.14207702,0.02842085,0.04304663,0.00055834,0.04555235,0.01702255,73432,-0.15499382,0.41872153,0.56545564,-0.14673411,-0.00825970999999992,White
MI-063,94180,0.02803167,0.35417934,0.6313167,0.90403427,0.09596573,0.01682197,0.02994666,0.00049115,0.014871,0.0243939,73297,-0.27713736,0.3586235,0.62611412,-0.26749062,-0.00964673999999993,White
MI-064,90818,-0.00866659,0.41213563,0.57416128,0.89580561,0.10419439,0.0162996,0.02633123,0.00072983,0.03141144,0.01891842,69879,-0.16202565,0.41360714,0.57121621,-0.15760907,-0.00441658,White
MI-065,91720,0.00117928,0.40411374,0.58301332,0.92736725,0.07263275,0.0077228,0.02138517,0.0007956,0.01423849,0.01945104,72901,-0.17889958,0.40428961,0.58150743,-0.17721782,-0.00168175999999992,White
MI-066,94076,0.02689645,0.54338572,0.43966649,0.87451988,0.12548012,0.04068916,0.0338777,0.00099478,0.03190196,0.01427229,72378,0.10371923,0.53652172,0.44503163,0.09149009,0.01222914,White
MI-067,93299,0.01841502,0.58823767,0.39312213,0.75038733,0.24961267,0.10564697,0.09636446,0.00157602,0.02557698,0.02442836,74872,0.19511554,0.58630103,0.39012284,0.19617819,-0.00106264999999994,White
MI-068,93161,0.01690867,0.76777597,0.21365194,0.53469509,0.46530491,0.24479115,0.18389313,0.00115674,0.02839651,0.02564573,70889,0.55412403,0.78175663,0.19795442,0.58380221,-0.02967818,White
MI-069,89928,-0.01838148,0.5448824,0.43728584,0.61353702,0.38646298,0.13083839,0.19621373,0.00134493,0.04667787,0.02467656,68405,0.10759656,0.54663335,0.43276122,0.11387213,-0.00627557,White
MI-070,88341,-0.03570455,0.54197439,0.43962131,0.70231183,0.29768817,0.12705283,0.06406177,0.00079926,0.09202093,0.01590988,66311,0.10235308,0.54529707,0.43680312,0.10849395,-0.00614087,White
MI-071,90036,-0.0172026,0.37931096,0.60492784,0.83252616,0.16747384,0.05780269,0.04612855,0.00125561,0.04155456,0.01783259,66900,-0.22561688,0.37369884,0.60617272,-0.23247388,0.006857,White
MI-072,93050,0.01569704,0.36297601,0.62271627,0.8922231,0.1077769,0.02093837,0.04814683,0.00082839,0.01125473,0.0189388,70015,-0.25974026,0.36224204,0.61930945,-0.25706741,-0.00267284999999989,White
MI-073,87433,-0.04561592,0.33898003,0.64555678,0.89908243,0.10091757,0.02155371,0.04065954,0.00127783,0.01992179,0.01450257,64954,-0.30657675,0.32645016,0.65539703,-0.32894687,0.02237012,White
MI-074,94879,0.03566168,0.37474787,0.61120057,0.90060553,0.09939447,0.01655665,0.03536359,0.00065463,0.008592,0.02629426,73324,-0.2364527,0.37755615,0.60486972,-0.22731357,-0.00913913,White
MI-075,92912,0.01419068,0.34828069,0.63638539,0.88157009,0.11842991,0.02462557,0.05034498,0.00089752,0.01981545,0.01708083,71308,-0.2881047,0.33833618,0.64278917,-0.30445299,0.01634829,White
MI-076,90686,-0.01010745,0.30018314,0.68483651,0.8973237,0.1026763,0.03322794,0.03527469,0.00095986,0.00534978,0.01949354,70844,-0.38465337,0.30571961,0.67620676,-0.37048715,-0.01416622,White
MI-077,89054,-0.02792172,0.35191245,0.63300042,0.87537079,0.12462921,0.05464082,0.03920726,0.0010461,0.00680682,0.01951765,69783,-0.28108797,0.36077283,0.61824272,-0.25746989,-0.02361808,White
MI-078,89709,-0.020772,0.33395777,0.65201972,0.90614993,0.09385007,0.0261322,0.02780478,0.00071478,0.00790542,0.02285853,69952,-0.31806195,0.34315538,0.63924197,-0.29608659,-0.02197536,White
MI-079,92089,0.00520714,0.32847021,0.6571772,0.81805047,0.18194953,0.01938149,0.09705337,0.00121134,0.04298078,0.01992148,68519,-0.32870699,0.32931242,0.65331336,-0.32400094,-0.00470605000000007,White
MI-080,90111,-0.01638393,0.43354338,0.55037368,0.88870346,0.11129654,0.03588076,0.02684583,0.00074812,0.01381136,0.02522012,69508,-0.1168303,0.4402558,0.53844677,-0.09819097,-0.01863933,White
MI-081,89559,-0.02240934,0.3928782,0.59225489,0.83534172,0.16465828,0.02561968,0.09353958,0.00124155,0.00721558,0.03347794,68463,-0.19937669,0.40626617,0.57542565,-0.16915948,-0.03021721,White
MI-082,88740,-0.03134922,0.3711783,0.61417273,0.81824821,0.18175179,0.06760027,0.05173475,0.00161805,0.02481493,0.02833741,69837,-0.24299443,0.37331298,0.60743838,-0.2341254,-0.00886902999999989,White
MI-083,88927,-0.029308,0.32437219,0.66263415,0.87999246,0.12000754,0.04575723,0.03139462,0.00078341,0.00969113,0.02727444,68929,-0.33826196,0.34175385,0.64154823,-0.29979438,-0.03846758,White
MI-084,89454,-0.02355548,0.28131591,0.70392022,0.87502024,0.12497976,0.02402721,0.06087776,0.00075085,0.00889242,0.02252551,67923,-0.42260431,0.29511256,0.68887157,-0.39375901,-0.0288453,White
MI-085,88345,-0.03566088,0.27728211,0.70873106,0.92927797,0.07072203,0.01030854,0.02153722,0.000762,0.00720304,0.02386635,69554,-0.43144895,0.29087132,0.69279661,-0.40192529,-0.02952366,White
MI-086,92780,0.01274982,0.38460176,0.60146069,0.85175515,0.14824485,0.03657936,0.07345946,0.00053311,0.0087621,0.02599923,73156,-0.21685893,0.39852959,0.58407259,-0.185543,-0.03131593,White
MI-087,89239,-0.02590233,0.34898747,0.63739309,0.92629328,0.07370672,0.00924384,0.02191824,0.0007464,0.0083252,0.02397083,69668,-0.28840562,0.35688694,0.6257238,-0.26883686,-0.01956876,White
MI-088,92048,0.0047596,0.36510952,0.62207209,0.9194389,0.0805611,0.01054835,0.02572633,0.00141384,0.01247505,0.02267687,72144,-0.25696257,0.37128901,0.61264154,-0.24135253,-0.01561004,White
MI-089,92809,0.01306638,0.37836252,0.60608054,0.92463605,0.07536395,0.00813487,0.02702036,0.00115039,0.00682014,0.02302141,73019,-0.22771802,0.39288095,0.58796948,-0.19508853,-0.03262949,White
MI-090,90583,-0.01123176,0.31538888,0.67020138,0.89271417,0.10728583,0.03409043,0.04421783,0.00063208,0.00490217,0.017586,71193,-0.3548125,0.3300002,0.65380447,-0.32380427,-0.03100823,White
MI-091,93340,0.01886256,0.56478494,0.41787057,0.67718902,0.32281098,0.24807014,0.03360719,0.00055139,0.01250276,0.02683888,72544,0.14691437,0.59222453,0.3939357,0.19828883,-0.05137446,White
MI-092,92933,0.01441991,0.49410607,0.49046222,0.79486933,0.20513067,0.11218019,0.0355084,0.00087845,0.02750631,0.02500824,72856,0.00364385,0.51240579,0.4719797,0.04042609,-0.03678224,White
MI-093,91566,-0.00050172,0.71983499,0.26676404,0.44410597,0.55589403,0.48567097,0.04157944,0.00106836,0.00792608,0.02516422,69265,0.45307095,0.75271391,0.23497483,0.51773908,-0.06466813,Black
MI-094,88282,-0.03634857,0.39881019,0.58736425,0.89350907,0.10649093,0.03170725,0.02864576,0.00079053,0.00866703,0.02667663,69574,-0.18855406,0.42475802,0.55967533,-0.13491731,-0.05363675,White
MI-095,94604,0.03265989,0.29933392,0.68804021,0.91649306,0.08350694,0.01643964,0.02439904,0.0005609,0.00614316,0.02534722,74880,-0.38870629,0.31543183,0.66924229,-0.35381046,-0.03489583,White
MI-096,93949,0.02551017,0.25635541,0.73102427,0.92252173,0.07747827,0.00657947,0.03498418,0.0004918,0.00556929,0.02053593,75234,-0.47466886,0.27310261,0.71249892,-0.43939631,-0.03527255,White
MI-097,94601,0.03262714,0.37175503,0.61216666,0.88456423,0.11543577,0.04375865,0.03206997,0.00069863,0.01034515,0.02293399,74431,-0.24041163,0.39520447,0.58720028,-0.19199581,-0.04841582,White
MI-098,91189,-0.0046169,0.27321116,0.71422325,0.93539745,0.06460255,0.005883,0.02966359,0.00048335,0.00486107,0.01713804,72412,-0.44101209,0.28410092,0.70288309,-0.41878217,-0.02222992,White
MI-099,92754,0.01246602,0.32495749,0.6622984,0.92018981,0.07981019,0.0178521,0.0270739,0.00038984,0.00699028,0.02035247,74389,-0.33734091,0.34202155,0.64261736,-0.30059581,-0.0367451,White
MI-100,95204,0.03920925,0.31550026,0.67134958,0.93263414,0.06736586,0.0063139,0.0185058,0.00035664,0.00590442,0.02715769,75706,-0.35584932,0.33003942,0.6554286,-0.32538918,-0.03046014,White
MI-101,92258,0.00705188,0.28417176,0.70134747,0.93878075,0.06121925,0.00674507,0.01635577,0.00072993,0.00467694,0.02407407,73980,-0.41717571,0.29676816,0.68932651,-0.39255835,-0.02461736,White
MI-102,89692,-0.02095756,0.30601505,0.67858456,0.89881408,0.10118592,0.02088121,0.03654212,0.00093625,0.00914971,0.02644197,70494,-0.37256951,0.31633542,0.66644538,-0.35010996,-0.02245955,White
MI-103,92839,0.01339384,0.3747869,0.61025064,0.86480492,0.13519508,0.02536077,0.066248,0.00078835,0.00628006,0.03296366,74840,-0.23546374,0.38519354,0.59986995,-0.21467641,-0.02078733,White
MI-104,90855,-0.00826272,0.31064749,0.67573088,0.93845948,0.06154052,0.00668628,0.01458946,0.00085584,0.00680663,0.02469912,74780,-0.36508339,0.32094958,0.66538765,-0.34443807,-0.02064532,White
MI-105,90300,-0.01432088,0.35640967,0.6280958,0.92421536,0.07578464,0.00847722,0.0197471,0.00113408,0.00976723,0.02728871,70542,-0.27168613,0.35410447,0.62775485,-0.27365038,0.00196425,White
MI-106,89283,-0.02542205,0.40386876,0.58080313,0.92236242,0.07763758,0.00617867,0.01361774,0.00176729,0.00658967,0.04053813,72993,-0.17693437,0.40311819,0.5815802,-0.17846201,0.00152764000000005,White
MI-107,92994,0.01508576,0.34426451,0.6424965,0.90719586,0.09280414,0.00603012,0.01051373,0.0009747,0.00591316,0.06316036,76947,-0.29823199,0.34931268,0.6362276,-0.28691492,-0.01131707,White
MI-108,91338,-0.00299048,0.33209686,0.65426392,0.93305371,0.06694629,0.00548384,0.01290874,0.00073299,0.00761494,0.03374462,73671,-0.32216706,0.34886662,0.63637082,-0.2875042,-0.03466286,White
MI-109,90280,-0.01453919,0.37568525,0.60887807,0.82139656,0.17860344,0.04820881,0.01328119,0.00139873,0.00647763,0.10409028,73638,-0.23319282,0.38989243,0.5941461,-0.20425367,-0.02893915,White
MI-110,94460,0.03108804,0.50019034,0.48275534,0.88930104,0.11069896,0.02313498,0.0181461,0.00091764,0.01779714,0.04387892,77372,0.017435,0.51129103,0.47005596,0.04123507,-0.02380007,White
MN-001,40724,-0.04371776,0.51695964,0.4584303,0.76265783,0.23734217,0.08645833,0.07231692,0.00126263,0.05767045,0.01657197,31680,0.05852934,0.52890061,0.44625073,0.08264988,-0.02412054,
MN-002,40584,-0.04700524,0.53988189,0.43832654,0.84082194,0.15917806,0.03026333,0.03863607,0.00169372,0.07212706,0.01054583,31292,0.10155535,0.54163751,0.43572222,0.10591529,-0.00435994000000006,
MN-003,41051,-0.03603914,0.5540597,0.41692449,0.80177903,0.19822097,0.0666816,0.03782037,0.00121588,0.07490481,0.01327873,31253,0.13713521,0.55016328,0.42602621,0.12413707,0.01299814,
MN-004,40488,-0.04925952,0.54676038,0.4259609,0.8054,0.1946,0.06603333,0.03663333,0.0013,0.07543333,0.01203333,30000,0.12079948,0.54378374,0.43092296,0.11286078,0.00793870000000013,
MN-005,44623,0.04783868,0.38344531,0.59612564,0.8867239,0.1132761,0.03687984,0.02498312,0.00115752,0.02675155,0.01527282,31101,-0.21268033,0.37824456,0.59827473,-0.22003017,0.00734983999999994,
MN-006,44448,0.04372933,0.34393488,0.63458711,0.89776358,0.10223642,0.02465075,0.03586419,0.00078306,0.02007768,0.01478419,31926,-0.29065223,0.34794706,0.62581979,-0.27787273,-0.0127795,
MN-007,40659,-0.04524409,0.52087063,0.45251107,0.77094278,0.22905722,0.10332092,0.03868564,0.00136912,0.05868119,0.02407107,31407,0.06835956,0.52858976,0.44323284,0.08535692,-0.01699736,
MN-008,40861,-0.04050072,0.5047578,0.46949408,0.80955231,0.19044769,0.0769667,0.03761696,0.00097665,0.04999842,0.0220535,31741,0.03526372,0.5060583,0.46542959,0.04062871,-0.0053649899999999,
MN-009,44563,0.04642976,0.58211642,0.39411789,0.71956315,0.28043685,0.09264329,0.05512492,0.00164251,0.1121805,0.01775063,34703,0.18799853,0.58815206,0.38721891,0.20093315,-0.01293462,
MN-010,44540,0.04588967,0.59070397,0.38346987,0.76829231,0.23170769,0.06623679,0.04092877,0.00084764,0.1053492,0.01447038,33033,0.2072341,0.5851674,0.39203527,0.19313213,0.01410197,
MN-011,44544,0.0459836,0.52717959,0.44896894,0.82782619,0.17217381,0.03957134,0.03492132,0.00083146,0.07572445,0.01388846,32473,0.07821065,0.52947043,0.45096286,0.07850757,-0.000296919999999978,
MN-012,44666,0.04884841,0.51906872,0.45888421,0.78625907,0.21374093,0.05951542,0.05694244,0.00122523,0.07204337,0.01859283,32647,0.06018451,0.52593361,0.44755648,0.07837713,-0.01819262,
MN-013,44635,0.04812046,0.55479978,0.42081764,0.88304795,0.11695205,0.04409247,0.02263128,0.00248288,0.02428653,0.01906393,35040,0.13398214,0.5504515,0.42577644,0.12467506,0.00930708,
MN-014,44620,0.04776823,0.4322699,0.5480583,0.90385917,0.09614083,0.01642577,0.02561008,0.00100085,0.02696418,0.01795649,33971,-0.1157884,0.43252571,0.54553458,-0.11300887,-0.00277953,
MN-015,40548,-0.0478506,0.61588638,0.35298489,0.7623168,0.2376832,0.05195023,0.02750109,0.00120736,0.14256968,0.01126874,29817,0.26290149,0.6128692,0.36591204,0.24695716,0.01594433,
MN-016,40815,-0.04158089,0.63529029,0.3386532,0.78955016,0.21044984,0.07466378,0.0378111,0.001113,0.08149637,0.01357242,32345,0.29663709,0.62642073,0.35138341,0.27503732,0.02159977,
MN-017,40576,-0.0471931,0.5630121,0.41470933,0.8656086,0.1343914,0.03108985,0.03528279,0.00083859,0.04820325,0.01406963,32197,0.14830277,0.56305627,0.41412732,0.14892895,-0.000626179999999976,
MN-018,40592,-0.04681739,0.60976556,0.36636392,0.80684092,0.19315908,0.04571036,0.02992121,0.00071911,0.09858054,0.01435093,31984,0.24340164,0.60481138,0.3710564,0.23375498,0.00964666,
MN-019,40596,-0.04672346,0.31464685,0.66566963,0.89342367,0.10657633,0.02423374,0.04237647,0.00123774,0.0087945,0.0296733,30701,-0.35102278,0.34014354,0.6407177,-0.30057416,-0.05044862,
MN-020,40861,-0.04050072,0.27970571,0.70207862,0.91793525,0.08206475,0.01028579,0.02455929,0.00142419,0.01553945,0.0254771,31597,-0.42237291,0.29668059,0.68120466,-0.38452407,-0.03784884,
MN-021,44090,0.03532276,0.71880425,0.25515408,0.48506222,0.51493778,0.24741284,0.10456449,0.00172478,0.14491191,0.02892078,32468,0.46365017,0.71742691,0.25696133,0.46046558,0.00318459,
MN-022,40774,-0.04254366,0.68280702,0.29019883,0.67910841,0.32089159,0.18585113,0.06628019,0.00120904,0.04795858,0.0212667,32257,0.39260819,0.6712914,0.30012333,0.37116807,0.02144012,
MN-023,40875,-0.04017197,0.75739042,0.21806634,0.80599085,0.19400915,0.08218976,0.04364763,0.00156411,0.04674635,0.01720525,33885,0.53932408,0.76041784,0.21625669,0.54416115,-0.00483707,
MN-024,40567,-0.04740444,0.73915067,0.23661043,0.80314133,0.19685867,0.08231726,0.04048291,0.00171181,0.05381705,0.01552646,33298,0.50254024,0.73272828,0.24241526,0.49031302,0.01222722,
MN-025,43931,0.03158911,0.32095491,0.65766657,0.88154041,0.11845959,0.05031912,0.02321709,0.00135664,0.01997965,0.01621805,32433,-0.33671166,0.33779155,0.63721253,-0.29942098,-0.03729068,
MN-026,42675,0.00209568,0.28671302,0.69512519,0.90805548,0.09194452,0.02150674,0.02503818,0.00149529,0.01438025,0.0205523,31432,-0.40841217,0.29133109,0.68593533,-0.39460424,-0.01380793,
MN-027,40519,-0.04853158,0.35519232,0.62218148,0.92996579,0.07003421,0.01190716,0.02035956,0.00043604,0.01358422,0.0130811,29814,-0.26698916,0.35879058,0.6173999,-0.25860932,-0.00837984,
MN-028,43631,0.02454451,0.2813384,0.69796784,0.93740994,0.06259006,0.01083892,0.02358875,0.00087714,0.01052566,0.01090157,31922,-0.41662944,0.28785383,0.68908722,-0.40123339,-0.01539605,
MN-029,42892,0.00719128,0.23896368,0.74350344,0.93687042,0.06312958,0.01873866,0.0160483,0.0005631,0.00929112,0.01354564,31966,-0.50453976,0.25387263,0.7248996,-0.47102697,-0.03351279,
MN-030,43279,0.01627883,0.22348655,0.7585854,0.92064414,0.07935586,0.00971704,0.04684349,0.00189452,0.00556133,0.01402555,32726,-0.53509885,0.24131944,0.74064194,-0.4993225,-0.03577635,
MN-031,41446,-0.02676373,0.61696298,0.36087433,0.4779709,0.5220291,0.13598087,0.09744678,0.00158313,0.26893021,0.02741849,29688,0.25608865,0.65056092,0.32539154,0.32516938,-0.06908073,
MN-032,42462,-0.00290599,0.65672727,0.31944056,0.50321451,0.49678549,0.16479949,0.10366009,0.00245067,0.20938892,0.02406111,31420,0.33728671,0.68949655,0.28801431,0.40148224,-0.06419553,
MN-033,41741,-0.01983653,0.62544381,0.34961037,0.64397315,0.35602685,0.09993897,0.06576137,0.00164785,0.17348184,0.0180653,32770,0.27583344,0.63713623,0.33959997,0.29753626,-0.02170282,
MN-034,42183,-0.00945748,0.73531157,0.23703264,0.75233658,0.24766342,0.08370942,0.04230601,0.00165963,0.10013102,0.01796477,34345,0.49827893,0.73317206,0.24378912,0.48938294,0.00889599,
MN-035,41106,-0.03474762,0.67950179,0.29184305,0.32643801,0.67356199,0.1664523,0.12250804,0.0026438,0.3651304,0.03472669,27990,0.38765874,0.73317005,0.23897831,0.49419174,-0.106533,
MN-036,41305,-0.0300747,0.69221261,0.28191183,0.30420049,0.69579951,0.24595835,0.10045888,0.00180021,0.33208613,0.03335687,28330,0.41030078,0.74100007,0.23459934,0.50640073,-0.09609995,
MN-037,42127,-0.01077247,0.79714365,0.17184322,0.66526358,0.33473642,0.13294963,0.11926238,0.00168943,0.05807061,0.03187011,34923,0.62530043,0.8055182,0.17036137,0.63515683,-0.00985639999999988,
MN-038,41059,-0.03585128,0.83243436,0.13845674,0.64731627,0.35268373,0.22360343,0.05093915,0.00161084,0.05987478,0.01893502,32902,0.69397762,0.85002471,0.13016801,0.7198567,-0.02587908,
MN-039,44197,0.03783534,0.82907376,0.13673218,0.64514403,0.35485597,0.17145834,0.05769718,0.00174584,0.10407456,0.02368147,35513,0.69234158,0.84345956,0.13239174,0.71106782,-0.01872624,
MN-040,43066,0.01127716,0.81806734,0.15407978,0.82860015,0.17139985,0.05998157,0.03853565,0.00150792,0.05266538,0.01396219,35811,0.66398756,0.81730557,0.16179825,0.65550732,0.00848024,
MN-041,40559,-0.04759229,0.35625076,0.62491411,0.93321896,0.06678104,0.0103571,0.01321642,0.00082603,0.01023002,0.02296988,31476,-0.26866335,0.36072212,0.61772398,-0.25700186,-0.01166149,
MN-042,41261,-0.03110791,0.31644758,0.6662748,0.94901821,0.05098179,0.00497601,0.00753851,0.00068532,0.0042311,0.02184083,33561,-0.34982722,0.33148358,0.65266138,-0.3211778,-0.02864942,
MN-043,44186,0.03757703,0.37790342,0.60110195,0.89061062,0.10938938,0.02080393,0.03375268,0.00125805,0.02810678,0.01816508,32590,-0.22319853,0.38727125,0.59127954,-0.20400829,-0.01919024,
MN-044,44628,0.04795609,0.32223468,0.65949178,0.87443075,0.12556925,0.03515696,0.0520068,0.00085008,0.01721416,0.01284231,32938,-0.3372571,0.34229425,0.63781251,-0.29551826,-0.04173884,
MN-045,44361,0.04168639,0.52824914,0.44411197,0.73044321,0.26955679,0.07838354,0.04591661,0.00134497,0.12458165,0.01491977,31971,0.08413717,0.53786775,0.43665078,0.10121697,-0.0170798,
MN-046,44459,0.04398763,0.49610276,0.48079217,0.72187616,0.27812384,0.06744172,0.08332305,0.00181942,0.09272851,0.0324411,32428,0.01531059,0.50128216,0.47336422,0.02791794,-0.01260735,
MN-047,44473,0.04431638,0.40524876,0.57387141,0.88376217,0.11623783,0.02681933,0.03002396,0.0012134,0.03714881,0.0139697,32141,-0.16862265,0.4149877,0.56201938,-0.14703168,-0.02159097,
MN-048,44334,0.04105237,0.48290967,0.49260376,0.80297036,0.19702964,0.04980868,0.0507815,0.00064855,0.07390233,0.01446268,30838,-0.00969409,0.48637752,0.49068347,-0.00430595,-0.00538814,
MN-049,43076,0.01151198,0.36265414,0.6178117,0.92201671,0.07798329,0.01076969,0.03386038,0.00071599,0.0148568,0.01312649,33520,-0.25515756,0.37687513,0.60193042,-0.22505529,-0.03010227,
MN-050,44626,0.04790913,0.48449103,0.49497215,0.92826819,0.07173181,0.01832325,0.01889841,0.000986,0.01780285,0.0114486,36511,-0.01048112,0.50702352,0.46996909,0.03705443,-0.04753555,
MN-051,43202,0.01447071,0.40172406,0.57799031,0.89149885,0.10850115,0.01795542,0.05039201,0.00267487,0.02241353,0.01036126,32525,-0.17626625,0.41964017,0.5576023,-0.13796213,-0.03830412,
MN-052,41121,-0.03439539,0.36926878,0.61000275,0.85402993,0.14597007,0.02448149,0.07039249,0.00360987,0.02996193,0.01352061,30472,-0.24073397,0.38293852,0.59263527,-0.20969675,-0.03103722,
MN-053,44391,0.04239085,0.56264983,0.4143759,0.75595808,0.24404192,0.06574937,0.10926297,0.00153851,0.04400708,0.02272925,34449,0.14827393,0.56797559,0.40581977,0.16215582,-0.01388189,
MN-054,43933,0.03163608,0.63557125,0.33858061,0.7692508,0.2307492,0.06268441,0.1159676,0.00173561,0.03118311,0.02345965,34570,0.29699064,0.63168361,0.34360731,0.2880763,0.00891434000000008,
MN-055,44583,0.0468994,0.63275586,0.3413722,0.732888,0.267112,0.09084707,0.05352473,0.00156339,0.10582717,0.01469585,35180,0.29138366,0.63458443,0.33925958,0.29532485,-0.00394119,
MN-056,43798,0.028466,0.62128215,0.35132315,0.77903819,0.22096181,0.06836421,0.06260182,0.00135763,0.06981235,0.01484342,33146,0.269959,0.6131276,0.36300403,0.25012357,0.01983543,
MN-057,43867,0.03008626,0.49153816,0.4846685,0.87035901,0.12964099,0.03458116,0.03390611,0.00141148,0.03826327,0.01669224,32590,0.00686966,0.49693897,0.47684507,0.0200939,-0.01322424,
MN-058,43727,0.02679878,0.58426108,0.38860978,0.74879169,0.25120831,0.09081084,0.05496683,0.00138093,0.08456666,0.01615082,33311,0.1956513,0.58862863,0.38593847,0.20269016,-0.00703886,
MN-059,42723,0.00322282,0.52322937,0.45086095,0.77183942,0.22816058,0.07779184,0.07800784,0.0014503,0.05270466,0.01459561,32407,0.07236842,0.52193813,0.45529514,0.06664299,0.00572543,
MN-060,44053,0.03445392,0.59668784,0.37486388,0.67038385,0.32961615,0.14775795,0.09208827,0.00264116,0.06861134,0.0187522,34076,0.22182396,0.6070174,0.36778041,0.23923699,-0.01741303,
MN-061,41772,-0.01910859,0.62858798,0.33981102,0.74997686,0.25002314,0.08645747,0.0595205,0.00182048,0.0825388,0.01879108,32409,0.28877696,0.62936702,0.34235744,0.28700958,0.00176738,
MN-062,41101,-0.03486503,0.67646449,0.28610679,0.63342521,0.36657479,0.16662491,0.10094588,0.00147206,0.0729767,0.02859559,31928,0.3903577,0.70363245,0.27080757,0.43282488,-0.04246718,
MN-063,40777,-0.04247321,0.33616634,0.64277584,0.89982162,0.10017838,0.01255017,0.01949417,0.00121042,0.03694974,0.01920749,31394,-0.3066095,0.34120361,0.63533936,-0.29413575,-0.01247375,
MN-064,44234,0.03870417,0.47923177,0.49246866,0.85360319,0.14639681,0.04670347,0.02146581,0.00174793,0.0533272,0.01744864,32610,-0.01323689,0.48577908,0.48942261,-0.00364353,-0.00959336,
MN-065,41881,-0.01654905,0.49490648,0.46730962,0.77055223,0.22944777,0.06624788,0.0436845,0.00137816,0.09631102,0.01910195,31201,0.02759686,0.51295036,0.46268471,0.05026565,-0.02266879,
MN-066,40764,-0.04277848,0.56215322,0.40256011,0.68543683,0.31456317,0.13127364,0.08374463,0.00112172,0.07313634,0.02650471,31202,0.15959311,0.58663074,0.38561906,0.20101168,-0.04141857,
MN-067,40800,-0.04193312,0.36201032,0.6177824,0.8710396,0.1289604,0.04348549,0.02546627,0.00103062,0.03005419,0.02008045,30079,-0.25577208,0.36358732,0.61400232,-0.250415,-0.00535708,
MN-068,41530,-0.02479124,0.37593404,0.60238525,0.89323328,0.10676672,0.02583014,0.01993623,0.00070856,0.03471931,0.01497633,31049,-0.22645121,0.38334766,0.59351994,-0.21017228,-0.01627893,
MN-069,40968,-0.03798814,0.35702178,0.62011562,0.88093229,0.11906771,0.02931247,0.0616763,0.00133091,0.01207557,0.01097189,30806,-0.26309384,0.36577066,0.60833979,-0.24256913,-0.02052471,
MN-070,44080,0.03508794,0.32945842,0.65114109,0.90090331,0.09909669,0.01450051,0.05384204,0.00130742,0.00823082,0.01723421,33654,-0.32168267,0.34210422,0.63425023,-0.29214601,-0.02953666,
MN-071,44110,0.0357924,0.41262827,0.56587522,0.91406684,0.08593316,0.01739715,0.02923891,0.00093565,0.01020438,0.02154908,34201,-0.15324695,0.41765794,0.55492617,-0.13726823,-0.01597872,
MN-072,43863,0.02999234,0.56247351,0.41290159,0.78325868,0.21674132,0.05985564,0.0894411,0.00262475,0.03788765,0.01754586,35051,0.14957192,0.56214446,0.413377,0.14876746,0.000804460000000062,
MN-073,43117,0.01247474,0.57020244,0.40412125,0.82462588,0.17537412,0.06071208,0.03384,0.00099962,0.05888925,0.01649369,34013,0.16608119,0.55690322,0.41745576,0.13944746,0.02663373,
MN-074,43492,0.0212805,0.52199094,0.45031416,0.80094349,0.19905651,0.04784369,0.02549963,0.00076499,0.10795907,0.01131546,31373,0.07167678,0.51633678,0.46132295,0.05501383,0.01666295,
MN-075,41135,-0.03406664,0.60437354,0.37060405,0.90427597,0.09572403,0.02131722,0.02626307,0.00093908,0.0321167,0.00910912,31946,0.23376949,0.60047749,0.37967258,0.22080491,0.01296458,
MN-076,43139,0.01299135,0.69677802,0.27756474,0.76617722,0.23382278,0.10392123,0.04470434,0.00125206,0.06698537,0.01482556,35142,0.41921328,0.70171276,0.27630311,0.42540965,-0.00619637,
MN-077,42940,0.00831842,0.61206308,0.35973159,0.78116915,0.21883085,0.04478256,0.03511149,0.00126278,0.12208944,0.01210423,32468,0.25233149,0.60877658,0.36899563,0.23978095,0.01255054,
MN-078,42991,0.00951601,0.65509112,0.31777869,0.75535881,0.24464119,0.072839,0.03754077,0.00084459,0.11716566,0.01170783,34336,0.33731243,0.64628324,0.33263552,0.31364772,0.02366471,
MN-079,41581,-0.02359366,0.63280561,0.33729514,0.64446529,0.35553471,0.12679296,0.12225383,0.00169461,0.08403438,0.02390607,33046,0.29551047,0.64032842,0.33345105,0.30687737,-0.0113669,
MN-080,42627,0.00096855,0.63825253,0.33685973,0.79098632,0.20901368,0.07305976,0.04469402,0.00100792,0.06715623,0.01638589,34725,0.3013928,0.63676922,0.34092369,0.29584553,0.00554727,
MN-081,40562,-0.04752185,0.71854197,0.25608677,0.65175186,0.34824814,0.108054,0.13851054,0.00212346,0.08093432,0.02523889,32965,0.4624552,0.72027385,0.25371025,0.4665636,-0.0041084,
MN-082,44017,0.03360857,0.68474387,0.28744147,0.82847722,0.17152278,0.03390288,0.03090528,0.0007494,0.08821942,0.00959233,33360,0.3973024,0.68684059,0.29331343,0.39352716,0.00377524000000007,
MN-083,44589,0.04704029,0.86518401,0.10820395,0.77603921,0.22396079,0.08942369,0.0702041,0.00127392,0.03425739,0.03195879,36109,0.75698006,0.8549737,0.12438387,0.73058983,0.02639023,
MN-084,43031,0.01045529,0.8784029,0.09552206,0.75389006,0.24610994,0.11096425,0.07236407,0.00201262,0.03724842,0.02448183,33290,0.78288084,0.87703114,0.10448335,0.77254779,0.01033305,
MN-085,43763,0.02764413,0.87491303,0.09231389,0.78312849,0.21687151,0.08428011,0.05548957,0.00152345,0.05388866,0.0194433,38728,0.78259914,0.88015684,0.09933309,0.78082375,0.00177538999999993,
MN-086,42597,0.00026409,0.88943675,0.08339032,0.82574165,0.17425835,0.05758,0.05594487,0.00134314,0.04038192,0.01880402,34248,0.80604643,0.8838296,0.09799106,0.78583854,0.02020789,
MN-087,42709,0.00289407,0.82059636,0.14091662,0.46800821,0.53199179,0.31072368,0.11018591,0.00202388,0.07392951,0.04874664,34587,0.67967974,0.86527264,0.11376639,0.75150625,-0.07182651,
MN-088,44365,0.04178032,0.82773744,0.117406,0.3940693,0.6059307,0.30803571,0.22578642,0.00147824,0.04059248,0.05593661,33824,0.71033144,0.898081,0.07770836,0.82037264,-0.1100412,
MN-089,44276,0.03969042,0.81722168,0.15075547,0.75614016,0.24385984,0.09682349,0.0781847,0.00139177,0.04183495,0.02819015,36644,0.66646621,0.82456202,0.15180842,0.6727536,-0.00628739000000012,
MN-090,42645,0.00139122,0.82526943,0.1377551,0.68130822,0.31869178,0.07971051,0.04925874,0.0013523,0.17517279,0.01442452,39932,0.68751433,0.86113356,0.10931548,0.75181808,-0.06430375,
MN-091,43485,0.02111613,0.82402977,0.14401914,0.49082412,0.50917588,0.33027471,0.06984498,0.00170979,0.08967856,0.0303203,35092,0.68001063,0.84722941,0.12894873,0.71828068,-0.03827005,
MN-092,44106,0.03569847,0.80308688,0.16542196,0.3798507,0.6201493,0.37495978,0.10621662,0.00205933,0.11142931,0.04514448,31078,0.63766492,0.81961557,0.14763704,0.67197853,-0.03431361,
MN-093,42367,-0.00513678,0.62790698,0.34363467,0.55001924,0.44998076,0.19228549,0.0409773,0.0017635,0.20126331,0.01353085,31188,0.28427231,0.62865707,0.34829231,0.28036476,0.00390755,
MN-094,44111,0.03581588,0.69638508,0.28098962,0.34875016,0.65124984,0.38097957,0.08970943,0.00158609,0.16717422,0.02007994,31524,0.41539546,0.71666761,0.26068833,0.45597928,-0.04058382,
MN-095,41825,-0.01786404,0.45460887,0.52216371,0.92039364,0.07960636,0.01250509,0.02347447,0.00078353,0.02131194,0.01498104,31907,-0.06755484,0.45532767,0.52191473,-0.06658706,-0.000967779999999974,
MN-096,44426,0.04321272,0.49442678,0.48263789,0.84799373,0.15200627,0.05494638,0.03367876,0.00138571,0.04199301,0.01479094,33196,0.01178889,0.47604576,0.49949946,-0.0234537,0.03524259,
MN-097,42181,-0.00950444,0.52377309,0.44903033,0.82133333,0.17866667,0.03466667,0.06413008,0.00130081,0.06107317,0.01330081,30750,0.07474276,0.53001929,0.44398007,0.08603922,-0.01129646,
MN-098,43434,0.01991855,0.47887513,0.49660253,0.90844555,0.09155445,0.01397511,0.02667685,0.00089135,0.03387133,0.00913634,31413,-0.0177274,0.48237242,0.4948755,-0.01250308,-0.00522432,
MN-099,43281,0.01632579,0.45433081,0.52306414,0.78395373,0.21604627,0.12457363,0.04081269,0.00109743,0.03559247,0.01441495,33715,-0.06873333,0.4781085,0.49474338,-0.01663488,-0.05209845,
MN-100,42795,0.00491353,0.48495595,0.48484513,0.75306591,0.24693409,0.13915906,0.0392376,0.00190298,0.04304356,0.02316801,33106,0.000110820000000011,0.51702918,0.44838196,0.06864722,-0.0685364,
MN-101,42705,0.00280014,0.21392049,0.76871854,0.939929,0.060071,0.00551196,0.03979821,0.00037369,0.00451545,0.00638391,32112,-0.55479805,0.22408744,0.75891936,-0.53483192,-0.01996613,
MN-102,43991,0.03299804,0.33574588,0.64378404,0.92835126,0.07164874,0.01387042,0.02348,0.00063459,0.01807083,0.01054636,33092,-0.30803816,0.34131942,0.63723623,-0.29591681,-0.01212135,
MN-103,42838,0.00592325,0.50210243,0.4743083,0.86967132,0.13032868,0.04735938,0.04299099,0.00111469,0.02148043,0.01409936,33193,0.02779413,0.52127252,0.45189728,0.06937524,-0.04158111,
MN-104,40733,-0.04350642,0.52958901,0.44674965,0.80516017,0.19483983,0.07701298,0.04986365,0.00173804,0.05028318,0.01456354,33371,0.08283936,0.5672146,0.4045482,0.1626664,-0.07982704,
MN-105,42269,-0.00743802,0.32740691,0.65221402,0.93062179,0.06937821,0.00861459,0.03648894,0.00070763,0.00738393,0.0115374,32503,-0.32480711,0.33650017,0.64134583,-0.30484566,-0.01996145,
MN-106,42567,-0.00044038,0.36565431,0.6175256,0.86969898,0.13030102,0.01257767,0.07332449,0.00132714,0.02551728,0.01399529,33154,-0.25187129,0.38625532,0.59170213,-0.20544681,-0.04642448,
MN-107,41140,-0.03394923,0.28956293,0.6894674,0.84838111,0.15161889,0.00979012,0.1062516,0.00287945,0.01782058,0.01689276,31256,-0.39990447,0.30927404,0.67234497,-0.36307093,-0.03683354,
MN-108,41216,-0.0321646,0.30051896,0.6816882,0.76790699,0.23209301,0.02666754,0.15346974,0.00187198,0.03941016,0.02174127,30449,-0.38116924,0.31728089,0.66222773,-0.34494684,-0.0362224,
MN-109,41176,-0.03310388,0.30111345,0.67872173,0.92219629,0.07780371,0.00655986,0.02920399,0.00059922,0.01280434,0.02712249,31708,-0.37760828,0.31123098,0.66749989,-0.35626891,-0.02133937,
MN-110,40598,-0.0466765,0.31319262,0.66363177,0.8789678,0.1210322,0.02613121,0.04325841,0.00078296,0.03060059,0.01967181,30653,-0.35043915,0.33576575,0.64363569,-0.30786994,-0.04256921,
MN-111,42993,0.00956297,0.29357283,0.686019,0.90996814,0.09003186,0.00853725,0.05272651,0.00129261,0.0092587,0.01376781,33266,-0.39244617,0.3004888,0.67494908,-0.37446028,-0.01798589,
MN-112,42654,0.00160256,0.30314672,0.67695429,0.89490029,0.10509971,0.00764195,0.0656112,0.00608921,0.00721571,0.01561882,32845,-0.37380757,0.32273228,0.65744897,-0.33471669,-0.03909088,
MN-113,42180,-0.00952792,0.28256327,0.69967495,0.94373283,0.05626717,0.00537054,0.02746998,0.00055557,0.00370382,0.01108059,32399,-0.41711168,0.29371259,0.6860597,-0.39234711,-0.02476457,
MN-114,43316,0.01714767,0.35998078,0.61873649,0.79958195,0.20041805,0.04961269,0.11591664,0.0034735,0.01552318,0.01807451,32532,-0.25875571,0.3883377,0.59022838,-0.20189068,-0.05686503,
MN-115,41334,-0.02939372,0.31252581,0.66945685,0.95309603,0.04690397,0.00744655,0.01510938,0.00098875,0.00750834,0.01171054,32364,-0.35693104,0.32218975,0.65708163,-0.33489188,-0.02203916,
MN-116,43740,0.02710405,0.35511386,0.62314528,0.92412657,0.07587343,0.0113222,0.03090813,0.00120574,0.00958711,0.01952711,34004,-0.26803142,0.36391389,0.61535107,-0.25143718,-0.01659424,
MN-117,41066,-0.0356869,0.30218189,0.68028577,0.92349098,0.07650902,0.01244555,0.03431861,0.00068451,0.00640946,0.01481021,32140,-0.37810388,0.31752958,0.66611629,-0.34858671,-0.02951717,
MN-118,43707,0.02632914,0.30969739,0.67348186,0.87240974,0.12759026,0.00808373,0.01106989,0.00123669,0.00699786,0.09591892,33153,-0.36378447,0.32556307,0.6557717,-0.33020863,-0.03357584,
MN-119,41063,-0.03575735,0.30106833,0.68095142,0.91938844,0.08061156,0.0096798,0.01573768,0.00115388,0.00628225,0.04230905,31199,-0.37988309,0.31859607,0.66050613,-0.34191006,-0.03797303,
MN-120,40574,-0.04724006,0.48124971,0.49896471,0.73900589,0.26099411,0.01780541,0.020735,0.00117184,0.01119755,0.20744767,30721,-0.017715,0.48940678,0.48625235,0.00315443,-0.02086943,
MN-121,42491,-0.00222501,0.28489937,0.69850962,0.91508543,0.08491457,0.00651783,0.01145189,0.00097463,0.00892395,0.04769592,32833,-0.41361025,0.29994568,0.67819982,-0.37825414,-0.03535611,
MN-122,41135,-0.03406664,0.28489853,0.69553978,0.92952784,0.07047216,0.01066692,0.01652893,0.00089692,0.01364597,0.01912358,31218,-0.41064125,0.2945327,0.68046214,-0.38592944,-0.02471181,
MN-123,44418,0.04302486,0.34773887,0.63357382,0.92557562,0.07442438,0.00945822,0.01930068,0.00059114,0.01563562,0.01841397,33833,-0.28583495,0.35333261,0.6215774,-0.26824479,-0.01759016,
MN-124,41079,-0.03538164,0.30510022,0.67717973,0.88200599,0.11799401,0.03386101,0.02111729,0.00137522,0.01213251,0.04180674,32722,-0.37207951,0.3254443,0.65357607,-0.32813177,-0.04394774,
MN-125,42812,0.00531272,0.37918644,0.59770217,0.8714177,0.1285823,0.01214177,0.02548821,0.00110956,0.00615014,0.08036394,31544,-0.21851573,0.40569914,0.57062072,-0.16492158,-0.05359415,
MN-126,40864,-0.04043027,0.56192266,0.41276551,0.83087857,0.16912143,0.06180859,0.04203113,0.00164008,0.02386159,0.0371752,31096,0.14915715,0.57063741,0.40204484,0.16859257,-0.01943542,
MN-127,43477,0.02092827,0.33107641,0.6529067,0.86683118,0.13316882,0.00455799,0.00984178,0.00049354,0.00545798,0.10422413,34445,-0.32183029,0.35015094,0.63128302,-0.28113208,-0.04069821,
MN-128,43665,0.02534289,0.3972023,0.58344109,0.92648795,0.07351205,0.0076881,0.0107403,0.00089263,0.00639235,0.03821014,34729,-0.18623879,0.41579614,0.56430041,-0.14850427,-0.03773452,
MN-129,40758,-0.04291937,0.48162215,0.49605435,0.8790157,0.1209843,0.01901633,0.01231955,0.00186373,0.00881322,0.0725274,31657,-0.0144322,0.50158839,0.47475745,0.02683094,-0.04126314,
MN-130,42576,-0.00022904,0.466021,0.51224872,0.9160134,0.0839866,0.01603734,0.01238705,0.00137634,0.00912573,0.03641314,33422,-0.04622772,0.48523018,0.49295031,-0.00772013,-0.03850759,
MN-131,41692,-0.02098715,0.45590192,0.52276485,0.91632563,0.08367437,0.01545709,0.01006919,0.00052996,0.00633005,0.04472251,33965,-0.06686293,0.47080957,0.50720849,-0.03639892,-0.03046401,
MN-132,41220,-0.03207067,0.50853618,0.47064655,0.93648423,0.06351577,0.00660253,0.00872371,0.00074689,0.0074988,0.03035373,33472,0.03788963,0.51117095,0.46746962,0.04370133,-0.0058117,
MN-133,43367,0.01834525,0.70801476,0.26684164,0.86509642,0.13490358,0.04476321,0.02305138,0.00175816,0.027377,0.03379566,35833,0.44117312,0.70889406,0.26480119,0.44409287,-0.00291975,
MN-134,43330,0.01747641,0.65240731,0.32574233,0.86376107,0.13623893,0.03736177,0.01688492,0.00135758,0.01733744,0.05846084,35357,0.32666498,0.65672573,0.31669578,0.34002995,-0.01336497,
NC-001,84868,-0.02444856,0.35180658,0.63629714,0.75121251,0.24878749,0.18062332,0.03299779,0.00205137,0.0115463,0.0203672,68247,-0.28449056,0.37232004,0.61474428,-0.24242424,-0.04206632,White
NC-002,90751,0.04317609,0.54356076,0.44212981,0.56804858,0.43195142,0.30694967,0.08859537,0.00086748,0.01860895,0.02315625,71471,0.10143095,0.54663715,0.44070686,0.10593029,-0.00449934000000007,White
NC-003,85099,-0.02179323,0.39369872,0.59457985,0.69036853,0.30963147,0.20177616,0.05471821,0.00211307,0.03426722,0.01969737,67674,-0.20088113,0.39809238,0.58626085,-0.18816847,-0.01271266,White
NC-004,83118,-0.04456468,0.35101429,0.64146078,0.54958776,0.45041224,0.24919688,0.18220949,0.00142425,0.00740612,0.02141128,63191,-0.29044649,0.38090983,0.61089065,-0.22998082,-0.06046567,White
NC-005,82953,-0.04646134,0.46103727,0.52765515,0.53427612,0.46572388,0.38591588,0.04809138,0.00221773,0.01336716,0.02313429,65833,-0.06661788,0.49492404,0.49294547,0.00197857,-0.06859645,White
NC-006,84016,-0.03424224,0.3939039,0.59246986,0.58946315,0.41053685,0.24588196,0.11498833,0.00488496,0.02515839,0.03314438,59980,-0.19856596,0.41722973,0.56170147,-0.14447174,-0.05409422,White
NC-007,83510,-0.04005867,0.41451811,0.57230279,0.66076755,0.33923245,0.22935439,0.07859472,0.00103556,0.01102026,0.02381799,64699,-0.15778468,0.41332011,0.57175517,-0.15843506,0.000650380000000006,White
NC-008,84573,-0.02783956,0.53015202,0.45860852,0.5404786,0.4595214,0.35253587,0.07576344,0.00156259,0.02003095,0.01718852,67196,0.0715435,0.5479037,0.43682913,0.11107457,-0.03953107,White
NC-009,85670,-0.01522963,0.51665085,0.46873966,0.54429368,0.45570632,0.36190974,0.05309095,0.00155201,0.0283203,0.01756381,65077,0.04791119,0.5316903,0.45299791,0.07869239,-0.0307812,White
NC-010,82930,-0.04672573,0.43714221,0.55171109,0.54308978,0.45691022,0.34942661,0.06998788,0.0023464,0.02492464,0.01905087,64354,-0.11456888,0.45988906,0.52876794,-0.06887888,-0.04569,White
NC-011,85987,-0.01158574,0.64396554,0.32603235,0.65462729,0.34537271,0.13619315,0.07897369,0.00143083,0.11122996,0.01721168,71986,0.31793319,0.66404255,0.31274232,0.35130023,-0.03336704,White
NC-012,84745,-0.02586244,0.43809156,0.55384393,0.52408541,0.47591459,0.38484396,0.071868,0.00101538,0.00737644,0.01720173,66970,-0.11575237,0.45995268,0.53280858,-0.0728559,-0.04289647,White
NC-013,83307,-0.04239214,0.29220309,0.69635103,0.82018969,0.17981031,0.08843418,0.04503674,0.0030005,0.01860309,0.02475045,68322,-0.40414794,0.29870685,0.68644741,-0.38774056,-0.01640738,White
NC-014,90506,0.04035984,0.33118705,0.65521583,0.63024148,0.36975852,0.14396449,0.16004453,0.00946936,0.03940298,0.02872418,72761,-0.32402878,0.3585382,0.61240791,-0.25386971,-0.07015907,White
NC-015,89176,0.02507158,0.3303692,0.65770632,0.63809669,0.36190331,0.19115449,0.10503279,0.00663413,0.04038432,0.03431447,65570,-0.32733712,0.34944759,0.62559776,-0.27615017,-0.05118695,White
NC-016,85097,-0.02181622,0.29828362,0.69054778,0.77780482,0.22219518,0.11724264,0.06304758,0.0021751,0.01350694,0.02698345,65744,-0.39226416,0.31862788,0.66455862,-0.34593074,-0.04633342,White
NC-017,89763,0.03181911,0.38012754,0.60958865,0.80517012,0.19482988,0.10715045,0.05148857,0.00108985,0.0104067,0.02267411,75240,-0.22946111,0.38218687,0.60636308,-0.22417621,-0.00528489999999993,White
NC-018,90862,0.04445203,0.52633622,0.46018599,0.69509463,0.30490537,0.20270215,0.06226205,0.00178677,0.01865113,0.02166115,72757,0.06615023,0.54374159,0.43801192,0.10572967,-0.03957944,White
NC-019,91041,0.04650962,0.39026113,0.5977202,0.8641626,0.1358374,0.05452445,0.04093552,0.0009215,0.01213529,0.02314142,77048,-0.20745907,0.38415785,0.60291046,-0.21875261,0.01129354,White
NC-020,90729,0.04292321,0.49684499,0.48748057,0.80848112,0.19151888,0.08129609,0.06368105,0.00247113,0.0269181,0.01669001,75674,0.00936442,0.49704366,0.48410375,0.01293991,-0.00357549,White
NC-021,88313,0.01515146,0.6533163,0.32168661,0.41873722,0.58126278,0.09637526,0.05165778,0.00194844,0.42192557,0.01085329,62101,0.33162969,0.67296357,0.31172162,0.36124195,-0.02961226,Asian
NC-022,88642,0.01893329,0.36194616,0.63056687,0.54650244,0.45349756,0.28469033,0.13305638,0.00106784,0.0056903,0.03896902,68362,-0.26862071,0.39987322,0.59216998,-0.19229676,-0.07632395,White
NC-023,88865,0.02149666,0.55862871,0.43327777,0.41670438,0.58329562,0.53407355,0.03574257,0.00066478,0.00490806,0.01393211,70700,0.12535094,0.58410687,0.40882673,0.17528014,-0.0499292,Black
NC-024,87220,0.00258751,0.48128163,0.50904572,0.50088952,0.49911048,0.37520014,0.09842555,0.00130463,0.01378758,0.02143747,67452,-0.02776409,0.49494522,0.49496749,-2.22699999999909E-05,-0.02774182,White
NC-025,86534,-0.00529801,0.49989552,0.48994859,0.50871995,0.49128005,0.4099623,0.05387447,0.00124675,0.01246755,0.02040278,68177,0.00994693,0.50883613,0.48193272,0.02690341,-0.01695648,White
NC-026,89959,0.03407211,0.47389822,0.51192968,0.59411782,0.40588218,0.22472385,0.14716002,0.00128267,0.01601074,0.0247329,66268,-0.03803146,0.46456589,0.51919621,-0.05463032,0.01659886,White
NC-027,84735,-0.02597738,0.57985915,0.41007042,0.41393377,0.58606623,0.5187867,0.0235726,0.00155888,0.00662888,0.04446452,68639,0.16978873,0.60686279,0.38605346,0.22080933,-0.0510206,Black
NC-028,89975,0.03425603,0.30255668,0.68529765,0.72314087,0.27685913,0.12200572,0.12558098,0.00131093,0.00849124,0.02277738,67128,-0.38274097,0.2821925,0.70290235,-0.42070985,0.03796888,White
NC-029,90900,0.04488884,0.83057912,0.14791965,0.50352393,0.49647607,0.31027012,0.09840943,0.0009324,0.07792404,0.01707116,72930,0.68265947,0.83802526,0.14575212,0.69227314,-0.00961367,White
NC-030,91038,0.04647514,0.84492453,0.135078,0.47524474,0.52475526,0.30753572,0.13047903,0.00123207,0.07755353,0.02000777,74671,0.70984653,0.85417835,0.13136412,0.72281423,-0.0129677,Minority
NC-031,91241,0.04880861,0.79059642,0.18916501,0.32117667,0.67882333,0.45632277,0.1570197,0.00110558,0.05898735,0.02306314,71456,0.60143141,0.79817295,0.18549435,0.6126786,-0.01124719,Black
NC-032,88633,0.01882984,0.51985492,0.47038727,0.47087511,0.52912489,0.43240638,0.07906662,0.00087756,0.00788364,0.01699012,69511,0.04946765,0.54405489,0.44580331,0.09825158,-0.04878393,Minority
NC-033,86863,-0.00151618,0.6185407,0.3624065,0.48879394,0.51120606,0.3400742,0.1363429,0.00142927,0.02320277,0.02186474,65768,0.2561342,0.6152178,0.36507569,0.25014211,0.00599209,Minority
NC-034,83302,-0.04244961,0.62911388,0.35205266,0.76446062,0.23553938,0.116731,0.06912809,0.00085452,0.03770221,0.01297993,67874,0.27706122,0.62734674,0.3527164,0.27463034,0.00243088,White
NC-035,86765,-0.00264268,0.52560512,0.45591567,0.67566884,0.32433116,0.18721144,0.07520081,0.00150212,0.04722978,0.01685535,63244,0.06968945,0.51430351,0.46502939,0.04927412,0.02041533,White
NC-036,89336,0.02691077,0.57733106,0.40032307,0.70115809,0.29884191,0.08595855,0.07033556,0.00121904,0.12440652,0.01669768,62344,0.17700799,0.57412016,0.40497764,0.16914252,0.00786547,White
NC-037,88334,0.01539286,0.48909361,0.4900282,0.73449704,0.26550296,0.12361595,0.09041435,0.00170948,0.03180578,0.02093724,63762,-0.000934590000000013,0.47519734,0.50328896,-0.02809162,0.02715703,White
NC-038,90560,0.04098056,0.81341039,0.16650482,0.36709893,0.63290107,0.43909815,0.15247968,0.00122366,0.03624575,0.01950828,71098,0.64690557,0.84034738,0.14339486,0.69695252,-0.05004695,Black
NC-039,86971,-0.00027473,0.60651542,0.37657553,0.47317715,0.52682285,0.33653964,0.14708221,0.00191155,0.03147174,0.02579826,65392,0.22993989,0.6045144,0.37922684,0.22528756,0.00465233,Minority
NC-040,90047,0.03508367,0.56074735,0.42078413,0.76004441,0.23995559,0.11001373,0.05499226,0.0014464,0.05782661,0.01564737,68446,0.13996322,0.55979226,0.42132686,0.1384654,0.00149782,White
NC-041,84646,-0.02700043,0.64152691,0.33318881,0.66921932,0.33078068,0.08337809,0.09303111,0.00138119,0.13813477,0.01632879,65161,0.3083381,0.63892466,0.34111748,0.29780718,0.01053092,White
NC-042,84160,-0.03258697,0.55338274,0.43029058,0.46140572,0.53859428,0.32722607,0.13832118,0.00921341,0.05903184,0.02872063,66642,0.12309216,0.57208558,0.40474893,0.16733665,-0.04424449,Minority
NC-043,83303,-0.04243812,0.54368956,0.44175552,0.43408953,0.56591047,0.44589299,0.06913457,0.0050274,0.02724477,0.03719028,64049,0.10193404,0.55737745,0.42682927,0.13054818,-0.02861414,Black
NC-044,84401,-0.02981669,0.57266613,0.41334207,0.40925403,0.59074597,0.4183048,0.10630696,0.00585919,0.03906126,0.04803265,62978,0.15932406,0.58152174,0.40004263,0.18147911,-0.02215505,Black
NC-045,82864,-0.04748439,0.56891767,0.41736487,0.39579359,0.60420641,0.4350786,0.10524239,0.00748208,0.03607841,0.04532,60812,0.1515528,0.58602317,0.3979408,0.18808237,-0.03652957,Black
NC-046,83701,-0.03786314,0.32269353,0.67050766,0.5463335,0.4536665,0.2683017,0.07679399,0.00121626,0.00455714,0.11351285,64953,-0.34781413,0.35179659,0.64140819,-0.2896116,-0.05820253,White
NC-047,83452,-0.04072538,0.37587818,0.61552842,0.21714877,0.78285123,0.25168448,0.06087624,0.00158263,0.01366386,0.47298568,63818,-0.23965024,0.42769532,0.56463129,-0.13693597,-0.10271427,Native
NC-048,86256,-0.0084936,0.49875645,0.48977081,0.42043317,0.57956683,0.37085063,0.08594928,0.00418241,0.01993252,0.11606574,64317,0.00898564,0.52150272,0.46482122,0.0566815,-0.04769586,Minority
NC-049,84041,-0.03395486,0.67279834,0.30399883,0.66895618,0.33104382,0.16003571,0.07444526,0.00148315,0.08347373,0.01513384,69447,0.36879951,0.68208771,0.29688544,0.38520227,-0.01640276,White
NC-050,85776,-0.01401117,0.56657914,0.41914983,0.69025958,0.30974042,0.18226747,0.08152392,0.00139509,0.02436961,0.02367206,67379,0.14742931,0.56493647,0.42251419,0.14242228,0.00500703,White
NC-051,84247,-0.03158691,0.37899214,0.60952536,0.66716008,0.33283992,0.15638203,0.14033059,0.00178863,0.0160977,0.02528757,64854,-0.23053322,0.39145612,0.59487367,-0.20341755,-0.02711567,White
NC-052,84059,-0.03374796,0.41598999,0.57245536,0.66087036,0.33912964,0.2334001,0.0530772,0.00168427,0.01767723,0.03769119,65904,-0.15646537,0.43158605,0.55590551,-0.12431946,-0.03214591,White
NC-053,85617,-0.01583886,0.35716257,0.6287607,0.68695209,0.31304791,0.16381652,0.11348623,0.00151253,0.01290283,0.0291857,64792,-0.27159813,0.34257963,0.64296027,-0.30038064,0.02878251,White
NC-054,83475,-0.04046099,0.5347127,0.45088228,0.73258268,0.26741732,0.11598987,0.1059962,0.00104007,0.02444907,0.02135902,66342,0.08383042,0.53157834,0.45575593,0.07582241,0.00800801,White
NC-055,84293,-0.03105814,0.29426523,0.69564015,0.71430089,0.28569911,0.19405204,0.06084516,0.00100144,0.01154692,0.01974054,65905,-0.40137492,0.30642294,0.68257587,-0.37615293,-0.02522199,White
NC-056,85656,-0.01539056,0.84864111,0.13147217,0.64864865,0.35135135,0.11186814,0.08195748,0.00134287,0.14211806,0.01528045,70744,0.71716894,0.86036983,0.12467212,0.73569771,-0.01852877,White
NC-057,89253,0.02595669,0.53452883,0.44820676,0.758715,0.241285,0.12898197,0.04238465,0.00076522,0.05260175,0.016849,70568,0.08632207,0.53343872,0.45054544,0.08289328,0.00342879,White
NC-058,90720,0.04281975,0.58357836,0.40125572,0.404545,0.595455,0.44336455,0.09796977,0.00158678,0.04237564,0.02337673,70583,0.18232264,0.60675171,0.38137268,0.22537903,-0.04305639,Black
NC-059,90964,0.04562451,0.60391581,0.38080688,0.44490477,0.55509523,0.43414484,0.07507063,0.00103939,0.03330454,0.02539929,68309,0.22310893,0.61123925,0.37628434,0.23495491,-0.01184598,Minority
NC-060,90515,0.04046329,0.58864194,0.39307218,0.46798882,0.53201118,0.34790257,0.09850903,0.00126257,0.07186733,0.02039977,70491,0.19556976,0.61249552,0.37302592,0.2394696,-0.04389984,Minority
NC-061,90446,0.03967014,0.8016066,0.17825624,0.31139365,0.68860635,0.53417,0.10534608,0.0015893,0.04528142,0.02201732,72988,0.62335036,0.81362753,0.17101481,0.64261272,-0.01926236,Black
NC-062,89401,0.02765794,0.55378806,0.42698433,0.65857619,0.34142381,0.17669152,0.06171637,0.00138371,0.08690557,0.01707048,70824,0.12680373,0.54563543,0.4383544,0.10728103,0.0195227,White
NC-063,85157,-0.02112653,0.53688695,0.44835827,0.50217465,0.49782535,0.30230729,0.16348438,0.00148061,0.01647182,0.02947346,64838,0.08852868,0.54692532,0.4381843,0.10874102,-0.02021234,White
NC-064,86258,-0.00847061,0.38874063,0.59758449,0.76343464,0.23656536,0.11972921,0.07276041,0.00091131,0.0241715,0.02155328,69131,-0.20884386,0.3721919,0.61443923,-0.24224733,0.03340347,White
NC-065,91096,0.04714184,0.31608025,0.67440266,0.72793097,0.27206903,0.19452345,0.0515505,0.00086559,0.00751549,0.02018328,72783,-0.35832241,0.33449769,0.65470936,-0.32021167,-0.03811074,White
NC-066,84245,-0.0316099,0.68997291,0.28995356,0.41671394,0.58328606,0.33522441,0.177824,0.00154438,0.06424924,0.02431606,63456,0.40001935,0.69727649,0.2844004,0.41287609,-0.01285674,Minority
NC-067,88255,0.01448476,0.25853169,0.73261022,0.7661756,0.2338244,0.13371063,0.06157745,0.00066243,0.01778488,0.02134186,69441,-0.47407853,0.26622211,0.72388219,-0.45766008,-0.01641845,White
NC-068,89705,0.0311524,0.39955237,0.58439891,0.74245153,0.25754847,0.09296119,0.06937522,0.00107721,0.07490595,0.01673687,62198,-0.18484654,0.40188619,0.58253959,-0.1806534,-0.00419314,White
NC-069,86324,-0.00771195,0.44048583,0.54534413,0.60076093,0.39923907,0.17372575,0.1732541,0.00154074,0.03342452,0.02290664,63606,-0.1048583,0.44872823,0.53589389,-0.08716566,-0.01769264,White
NC-070,89118,0.02440488,0.2304476,0.75960565,0.76349844,0.23650156,0.07381497,0.11649465,0.00076291,0.02189403,0.02684573,69471,-0.52915805,0.23025599,0.75853304,-0.52827705,-0.000881000000000021,White
NC-071,83733,-0.0374953,0.56137394,0.42051222,0.74630909,0.25369091,0.12602525,0.0693184,0.00079763,0.04228934,0.01885713,66447,0.14086172,0.55928578,0.42309428,0.1361915,0.00467022,White
NC-072,85954,-0.01196507,0.67121831,0.31159823,0.44898698,0.55101302,0.37444748,0.13711587,0.00274564,0.02802963,0.02204052,66287,0.35962008,0.69024532,0.29344032,0.396805,-0.03718492,Minority
NC-073,90756,0.04323357,0.51800845,0.46338099,0.57550678,0.42449322,0.24320799,0.12435528,0.00155931,0.04253628,0.02412439,66696,0.05462746,0.50403119,0.47858842,0.02544277,0.02918469,White
NC-074,84390,-0.02994313,0.5899103,0.39343173,0.53979324,0.46020676,0.26517513,0.14903564,0.00120352,0.03593581,0.02359204,64810,0.19647857,0.58780216,0.39664275,0.19115941,0.00531916,White
NC-075,84571,-0.02786255,0.55168474,0.43441763,0.49295796,0.50704204,0.35113425,0.12821576,0.00116727,0.01695618,0.02257752,65109,0.11726711,0.55719852,0.42823262,0.1289659,-0.01169879,Minority
NC-076,89259,0.02602566,0.40496894,0.58373149,0.62617747,0.37382253,0.22800981,0.10910864,0.00111833,0.01495405,0.02435947,69747,-0.17876255,0.40555986,0.58029833,-0.17473847,-0.00402408,White
NC-077,90628,0.04176222,0.22725995,0.75887017,0.83699051,0.16300949,0.05798437,0.07487437,0.0006421,0.00777499,0.02311558,71640,-0.53161022,0.23351016,0.75336428,-0.51985412,-0.0117561,White
NC-078,85515,-0.01701134,0.22023162,0.77079123,0.82542863,0.17457137,0.06205743,0.07935336,0.00073824,0.00911501,0.02381957,66374,-0.55055961,0.22591286,0.76313278,-0.53721992,-0.01333969,White
NC-079,82625,-0.05023168,0.35247281,0.63709993,0.74610947,0.25389053,0.17446746,0.05501479,0.00109467,0.0070858,0.0175,67600,-0.28462712,0.37520245,0.61390039,-0.23869794,-0.04592918,White
NC-080,85466,-0.01757459,0.33556794,0.64829582,0.68955351,0.31044649,0.16821677,0.09580256,0.00088143,0.02437616,0.0251968,65802,-0.31272788,0.33901888,0.64649999,-0.30748111,-0.00524677,White
NC-081,83464,-0.04058744,0.19396366,0.79277052,0.89903129,0.10096871,0.03082393,0.03457523,0.00069301,0.00940085,0.02356238,66377,-0.59880686,0.18335199,0.8034715,-0.62011951,0.02131265,White
NC-082,90874,0.04458997,0.48882515,0.49434884,0.59803466,0.40196534,0.21083931,0.0997798,0.00122834,0.07707057,0.0200728,66757,-0.00552369,0.48196434,0.5025484,-0.02058406,0.01506037,White
NC-083,91088,0.04704988,0.24191632,0.74724451,0.84205258,0.15794742,0.06388948,0.05123,0.00102911,0.01659266,0.02540354,70935,-0.50532819,0.23217981,0.75502031,-0.5228405,0.01751231,White
NC-084,86773,-0.00255072,0.31602676,0.67369834,0.71291001,0.28708999,0.16593084,0.08526179,0.00105188,0.01740792,0.02071172,67498,-0.35767158,0.32448966,0.66276021,-0.33827055,-0.01940103,White
NC-085,89525,0.02908331,0.26064825,0.72929199,0.887479,0.112521,0.03433816,0.04616666,0.00050537,0.00676109,0.02341114,73213,-0.46864374,0.26007621,0.72826986,-0.46819365,-0.000450089999999903,White
NC-086,87570,0.00661073,0.28948459,0.70080921,0.81236254,0.18763746,0.06405496,0.06375503,0.00135679,0.03454826,0.03247736,70018,-0.41132462,0.29411237,0.69546209,-0.40134972,-0.0099749,White
NC-087,83866,-0.03596648,0.19284512,0.7977904,0.88664725,0.11335275,0.04052769,0.03829926,0.00043083,0.00952282,0.02344307,67312,-0.60494528,0.19708375,0.79233515,-0.5952514,-0.00969388,White
NC-088,86239,-0.00868902,0.66234725,0.31635953,0.54879839,0.45120161,0.24662541,0.1509138,0.00132393,0.0452727,0.02076558,69490,0.34598772,0.70322491,0.27627189,0.42695302,-0.0809653,White
NC-089,88307,0.01508249,0.24216319,0.74780138,0.8443859,0.1556141,0.05664649,0.04532574,0.00093984,0.03010324,0.02157351,70225,-0.50563819,0.23742502,0.75075469,-0.51332967,0.00769148,White
NC-090,87331,0.00386344,0.22413023,0.76676242,0.84962114,0.15037886,0.0357148,0.08984774,0.00046009,0.00655634,0.02027289,69551,-0.54263219,0.23198964,0.75771872,-0.52572908,-0.01690311,White
NC-091,88462,0.01686421,0.26454918,0.72446119,0.8383533,0.1616467,0.08103526,0.04681849,0.0008759,0.00892857,0.02503391,70784,-0.45991201,0.26347656,0.72449219,-0.46101563,0.00110362,White
NC-092,89640,0.03040523,0.67809197,0.29973854,0.36472172,0.63527828,0.34383954,0.18892362,0.00173656,0.09655292,0.02094006,69102,0.37835343,0.68808348,0.29464892,0.39343456,-0.01508113,Minority
NC-093,87316,0.00369102,0.447379,0.53698344,0.82565388,0.17434612,0.06812172,0.06258649,0.00275392,0.01952402,0.01903079,72987,-0.08960444,0.45807285,0.5250579,-0.06698505,-0.02261939,White
NC-094,87462,0.00536928,0.22657719,0.76339674,0.8851896,0.1148104,0.0358339,0.05381471,0.00070958,0.00644301,0.01915872,70464,-0.53681955,0.23357634,0.75537473,-0.52179839,-0.01502116,White
NC-095,85366,-0.01872409,0.35736796,0.62911493,0.79264369,0.20735631,0.08109571,0.06162222,0.00146941,0.04163831,0.01902493,64652,-0.27174697,0.35102442,0.63278548,-0.28176106,0.01001409,White
NC-096,86857,-0.00158515,0.37955162,0.60764434,0.6894949,0.3105051,0.1198482,0.12206925,0.0014856,0.04736269,0.02652017,67986,-0.22809272,0.3834084,0.60065863,-0.21725023,-0.01084249,White
NC-097,86810,-0.00212541,0.26702889,0.72294988,0.84407156,0.15592844,0.05810044,0.06228075,0.00111085,0.01087465,0.02169083,68416,-0.45592099,0.2643328,0.72367923,-0.45934643,0.00342544,White
NC-098,84883,-0.02427614,0.5094665,0.47356878,0.79091765,0.20908235,0.0849291,0.06701437,0.00097212,0.04067462,0.0147052,64807,0.03589772,0.50440982,0.48004895,0.02436087,0.01153685,White
NC-099,82746,-0.04884079,0.79931507,0.17036115,0.24753578,0.75246422,0.48745841,0.19645648,0.00194971,0.0667234,0.02011605,64625,0.62895392,0.8303431,0.15283885,0.67750425,-0.04855033,Black
NC-100,82932,-0.04670274,0.70680374,0.26349073,0.33031507,0.66968493,0.36008492,0.22376441,0.00130273,0.074497,0.0234331,62177,0.44331301,0.74743438,0.23512851,0.51230587,-0.06899286,Black
NC-101,84391,-0.02993164,0.73504922,0.24184446,0.27060394,0.72939606,0.5341532,0.13651747,0.00139822,0.05225861,0.02294358,62937,0.49320476,0.75297277,0.2303286,0.52264417,-0.02943941,Black
NC-102,87483,0.00561067,0.7611599,0.21450301,0.49852613,0.50147387,0.33031213,0.11190391,0.00150142,0.05051103,0.01761757,72598,0.54665689,0.78657525,0.19444874,0.59212651,-0.04546962,Minority
NC-103,88259,0.01453074,0.53446353,0.44345304,0.71988128,0.28011872,0.10025333,0.06850444,0.00128914,0.09296818,0.01431548,66711,0.09101049,0.53263531,0.45002071,0.0826146,0.00839589,White
NC-104,84647,-0.02698894,0.5641706,0.41512858,0.76071944,0.23928056,0.0975722,0.07854271,0.00090544,0.0496455,0.01312114,65162,0.14904202,0.5776128,0.40420363,0.17340917,-0.02436715,White
NC-105,89460,0.02833614,0.56660272,0.4118542,0.5989617,0.4010383,0.14133184,0.11484499,0.00154421,0.13011059,0.01679511,67996,0.15474852,0.57686146,0.40669534,0.17016612,-0.0154176,White
NC-106,84544,-0.02817292,0.70406752,0.27056978,0.41629905,0.58370095,0.38309842,0.0847231,0.00179837,0.10914708,0.01721514,65059,0.43349774,0.70233196,0.28212912,0.42020284,0.0132949,Minority
NC-107,86497,-0.00572332,0.79641533,0.17972806,0.22726241,0.77273759,0.59216795,0.1285375,0.00113442,0.05042881,0.0171827,66113,0.61668727,0.81760991,0.166268,0.65134191,-0.03465464,Black
NC-108,89042,0.02353126,0.38762907,0.59918177,0.72086729,0.27913271,0.15750525,0.07358404,0.00096461,0.02575657,0.02340983,69458,-0.2115527,0.36613876,0.61955655,-0.25341779,0.04186509,White
NC-109,87700,0.00810507,0.30671274,0.68373115,0.77065337,0.22934663,0.12264479,0.0624529,0.00073917,0.01704447,0.02617543,68996,-0.37701841,0.28729933,0.70062703,-0.4133277,0.03630929,White
NC-110,87640,0.00741538,0.46137058,0.52779418,0.58764497,0.41235503,0.31519769,0.07014545,0.00089892,0.00956395,0.02253201,67859,-0.0664236,0.46778606,0.52019175,-0.05240569,-0.01401791,White
NC-111,88729,0.01993335,0.22984933,0.76234974,0.83151647,0.16848353,0.10718566,0.02775241,0.00068489,0.01142914,0.01977627,70084,-0.53250041,0.23581474,0.75346254,-0.5176478,-0.01485261,White
NC-112,83761,-0.03717344,0.59353027,0.38209592,0.43259866,0.56740134,0.33133063,0.17806097,0.00135973,0.04697382,0.02524981,63248,0.21143435,0.60702266,0.37669153,0.23033113,-0.01889678,Minority
NC-113,90761,0.04329104,0.31951171,0.66889151,0.8066917,0.1933083,0.07666265,0.08229618,0.00379681,0.0081556,0.0246587,72956,-0.3493798,0.31773503,0.6696416,-0.35190657,0.00252677,White
NC-114,89628,0.03026729,0.65880036,0.32197764,0.82313801,0.17686199,0.08625778,0.04617407,0.00190492,0.01444784,0.02358339,74544,0.33682272,0.64924812,0.33424633,0.31500179,0.02182093,White
NC-115,88843,0.02124377,0.57954391,0.40337689,0.80760002,0.19239998,0.05993292,0.08088349,0.00210488,0.02281689,0.0244166,71263,0.17616702,0.55300288,0.42991331,0.12308957,0.05307745,White
NC-116,90981,0.04581993,0.6033537,0.38006185,0.83994221,0.16005779,0.04003132,0.07254243,0.00275426,0.01578301,0.02490988,74067,0.22329185,0.58579329,0.39869616,0.18709713,0.03619472,White
NC-117,89875,0.03310654,0.44598378,0.53779341,0.83573068,0.16426932,0.03646958,0.08789373,0.0046317,0.01613626,0.02029257,73623,-0.09180963,0.42198951,0.56108705,-0.13909754,0.04728791,White
NC-118,83282,-0.04267951,0.36895447,0.61485293,0.91242781,0.08757219,0.01535612,0.03495596,0.00053958,0.00775827,0.0257977,68572,-0.24589846,0.3636785,0.62100447,-0.25732597,0.01142751,White
NC-119,90212,0.03698033,0.4291598,0.55448628,0.80684273,0.19315727,0.02947451,0.05095593,0.00155271,0.01169259,0.10253294,74064,-0.12532648,0.42566462,0.55527607,-0.12961145,0.00428497,White
NC-120,84907,-0.02400026,0.25062661,0.7367837,0.89024286,0.10975714,0.01314286,0.04632857,0.00105714,0.00805714,0.03954286,70000,-0.48615709,0.25484361,0.73189804,-0.47705443,-0.00910266,White
NY-001,135194,0.00422481,0.51343079,0.47597324,0.72934848,0.27065152,0.04318359,0.1887627,0.00106672,0.02244701,0.0209297,108745,0.03745755,0.55045727,0.43581743,0.11463984,-0.07718229,White
NY-002,140534,0.04389048,0.42330008,0.56636311,0.79322652,0.20677348,0.04837196,0.12112283,0.00081555,0.02730788,0.01252269,114033,-0.14306303,0.44836756,0.53747425,-0.08910669,-0.05395634,White
NY-003,138791,0.03094343,0.4860032,0.49878599,0.64988575,0.35011425,0.11661028,0.14186137,0.00093883,0.0884364,0.01417108,112906,-0.01278279,0.52681215,0.45799454,0.06881761,-0.0816004,White
NY-004,136055,0.01062035,0.42701496,0.56466592,0.65759853,0.34240147,0.09301847,0.21073592,0.0013462,0.03067272,0.0202397,106968,-0.13765096,0.46782006,0.51713078,-0.04931072,-0.08834024,White
NY-005,139841,0.03874286,0.3668391,0.61918051,0.7446302,0.2553698,0.044274,0.13800387,0.00101131,0.06528782,0.01085595,111736,-0.25234141,0.41327284,0.57245941,-0.15918657,-0.09315484,White
NY-006,137744,0.02316629,0.36321778,0.62440797,0.82972058,0.17027942,0.02320217,0.08116674,0.00079914,0.05600305,0.00659287,110119,-0.26119019,0.40590428,0.5800362,-0.17413192,-0.08705827,White
NY-007,136952,0.01728329,0.60203096,0.38607577,0.15288631,0.84711369,0.18807621,0.63703769,0.00112194,0.03662403,0.03728744,102501,0.21595519,0.73176334,0.25688412,0.47487922,-0.25892403,Hispanic
NY-008,139737,0.03797035,0.37683993,0.61319768,0.79648363,0.20351637,0.0479121,0.12096166,0.00082654,0.02848852,0.01012506,111308,-0.23635775,0.41826971,0.56643305,-0.14816334,-0.08819441,White
NY-009,140976,0.04717367,0.40150315,0.58470173,0.71819443,0.28180557,0.07510892,0.14500035,0.00108039,0.05569707,0.01165589,113848,-0.18319858,0.44749763,0.53874909,-0.09125146,-0.09194712,White
NY-010,141216,0.0489564,0.54291377,0.43396869,0.48983406,0.51016594,0.21842329,0.21681624,0.00153482,0.07757173,0.01710876,110762,0.10894508,0.61430641,0.37286662,0.24143979,-0.13249471,Minority
NY-011,140647,0.04472985,0.49338874,0.49191538,0.73335665,0.26664335,0.05410545,0.15744578,0.00091491,0.04809573,0.01503328,111486,0.00147336,0.54220115,0.4424008,0.09980035,-0.09832699,White
NY-012,140769,0.04563607,0.46821871,0.51498574,0.62308443,0.37691557,0.02346574,0.09716098,0.00073189,0.24978314,0.00600875,110672,-0.04676703,0.55232105,0.43528097,0.11704008,-0.16380711,White
NY-013,140458,0.04332595,0.36044759,0.63098501,0.80389354,0.19610646,0.03317414,0.09075172,0.00087884,0.06500781,0.00742135,112648,-0.27053742,0.40571395,0.58124562,-0.17553167,-0.09500575,White
NY-014,139527,0.03641046,0.48399265,0.50501554,0.68111956,0.31888044,0.03551292,0.14335777,0.00091979,0.13300098,0.00863679,108721,-0.02102289,0.56092205,0.4252724,0.13564965,-0.15667254,White
NY-015,138832,0.03124798,0.48698929,0.49470262,0.48808581,0.51191419,0.08528719,0.15669951,0.00100991,0.26273985,0.00929843,109911,-0.00771333,0.574434,0.41327493,0.16115907,-0.1688724,Minority
NY-016,138974,0.03230276,0.37056503,0.61809795,0.78551458,0.21448542,0.02246669,0.10878177,0.00071944,0.07611537,0.00702141,109807,-0.24753292,0.42214022,0.56276634,-0.14062612,-0.1069068,White
NY-017,138305,0.02733341,0.43466421,0.54880709,0.64115659,0.35884341,0.06222739,0.13654042,0.00116313,0.15535039,0.00872347,110048,-0.11414288,0.49316547,0.49159339,0.00157208,-0.11571496,White
NY-018,139875,0.03899541,0.80009814,0.19299107,0.08806701,0.91193299,0.49689615,0.39808721,0.00186044,0.03203882,0.02453162,106964,0.60710707,0.8675498,0.12364497,0.74390483,-0.13679776,Black
NY-019,139817,0.03856459,0.52553556,0.46694181,0.61836084,0.38163916,0.13245375,0.20860709,0.00137101,0.03954561,0.01179602,112326,0.05859375,0.58419801,0.40319661,0.1810014,-0.12240765,White
NY-020,141023,0.04752279,0.38705287,0.60254805,0.72008962,0.27991038,0.06706225,0.15662233,0.0007593,0.04912024,0.0085398,106677,-0.21549518,0.46099406,0.52541869,-0.06442463,-0.15107055,White
NY-021,139345,0.03505856,0.55713292,0.42316607,0.37306273,0.62693727,0.28867789,0.18763388,0.00191702,0.1498335,0.01428314,111110,0.13396685,0.63562689,0.35278143,0.28284546,-0.14887861,Minority
NY-022,132787,-0.01365445,0.56741064,0.42337751,0.31419378,0.68580622,0.43995323,0.21536494,0.002778,0.04549724,0.01948597,100072,0.14403313,0.65118263,0.3384204,0.31276223,-0.1687291,Black
NY-023,134961,0.00249408,0.89370086,0.09667301,0.01602005,0.98397995,0.84882397,0.09377008,0.0029745,0.05163138,0.01659842,108926,0.79702785,0.94887396,0.04468899,0.90418497,-0.10715712,Black
NY-024,135384,0.00563614,0.80195777,0.1812762,0.01888469,0.98111531,0.57844045,0.20504726,0.00509452,0.17567108,0.03232514,105800,0.62068157,0.9133611,0.07970593,0.83365517,-0.2129736,Black
NY-025,132994,-0.01211685,0.67910632,0.31001366,0.18039546,0.81960454,0.51997382,0.16396952,0.00383303,0.11787033,0.02339083,106965,0.36909266,0.76293245,0.23055009,0.53238236,-0.1632897,Black
NY-026,133871,-0.00560247,0.55144963,0.42662,0.11515715,0.88484285,0.12191603,0.42381554,0.00663547,0.29814985,0.04164491,105343,0.12482963,0.74052031,0.25118496,0.48933535,-0.36450572,Hispanic
NY-027,133041,-0.01176773,0.57003174,0.41251152,0.24245744,0.75754256,0.19204147,0.22450637,0.00589241,0.28505463,0.03315423,105899,0.15752022,0.69305019,0.29686064,0.39618955,-0.23866933,Asian
NY-028,134880,0.00189241,0.60726073,0.35450259,0.14145117,0.85854883,0.2062295,0.19411506,0.00556238,0.42188846,0.02383483,109126,0.25275814,0.77125183,0.22080101,0.55045082,-0.29769268,Asian
NY-029,133636,-0.00734805,0.51452955,0.46296491,0.30380162,0.69619838,0.06160999,0.11195186,0.00222445,0.51938189,0.00787674,109690,0.05156464,0.63553392,0.3530575,0.28247642,-0.23091178,Asian
NY-030,132882,-0.01294879,0.48953444,0.49597235,0.19193461,0.80806539,0.02813005,0.15499371,0.00137417,0.62822885,0.00806539,111340,-0.00643791,0.59295911,0.39534304,0.19761607,-0.20405398,Asian
NY-031,133569,-0.00784573,0.4506912,0.53808224,0.41664615,0.58335385,0.02988682,0.18368036,0.00176019,0.37171104,0.01005955,109647,-0.08739104,0.54100111,0.44765837,0.09334274,-0.18073378,Minority
NY-032,134309,-0.00234899,0.49641786,0.48845753,0.2265491,0.7734509,0.04635857,0.14810857,0.0014546,0.57815769,0.0088084,111371,0.00796033,0.61490396,0.37463664,0.24026732,-0.23230699,Asian
NY-033,132980,-0.01222084,0.51442585,0.46956971,0.54563379,0.45436621,0.03836137,0.20217898,0.00161406,0.21497221,0.01134425,109042,0.04485614,0.57770929,0.40985128,0.16785801,-0.12300187,White
NY-034,134076,-0.00407972,0.55658053,0.41401541,0.3979747,0.6020253,0.05281635,0.40037041,0.00222065,0.16239277,0.02601196,108527,0.14256512,0.6595201,0.3260732,0.3334469,-0.19088178,Hispanic
NY-035,133668,-0.00711036,0.58776999,0.38578517,0.11750141,0.88249859,0.02773681,0.28296648,0.00204817,0.57476287,0.01965336,109854,0.20198482,0.73598862,0.25263158,0.48335704,-0.28137222,Asian
NY-036,135324,0.00519046,0.56382801,0.42146488,0.05093854,0.94906146,0.08046716,0.67639438,0.00237035,0.20859084,0.05234924,104204,0.14236313,0.75484619,0.23754484,0.51730135,-0.37493822,Hispanic
NY-037,134660,0.00025825,0.58546938,0.3931098,0.12204992,0.87795008,0.0983738,0.63670836,0.00266003,0.15764899,0.04158885,106014,0.19235958,0.75538902,0.23413674,0.52125228,-0.3288927,Hispanic
NY-038,131653,-0.02207783,0.69038362,0.28042416,0.55853095,0.44146905,0.05857924,0.2197424,0.00192279,0.14947716,0.01719975,113897,0.40995946,0.76219761,0.22228258,0.53991503,-0.12995557,White
NY-039,133519,-0.00821713,0.73896404,0.23268957,0.3523982,0.6476018,0.10266193,0.26097124,0.00280435,0.28254448,0.02127435,113752,0.50627447,0.82075492,0.16496631,0.65578861,-0.14951414,Minority
NY-040,132035,-0.01924033,0.75328947,0.22331414,0.68434502,0.31565498,0.06112096,0.15876194,0.00210729,0.08823922,0.01313958,104874,0.52997533,0.76956549,0.21727523,0.55229026,-0.02231493,White
NY-041,139241,0.03428604,0.84659501,0.13122413,0.51765598,0.48234402,0.19080013,0.14600407,0.00320243,0.14868539,0.01349188,105545,0.71537088,0.87529949,0.11200958,0.76328991,-0.04791903,White
NY-042,136864,0.01662962,0.89275891,0.08102435,0.65216087,0.34783913,0.09241764,0.148592,0.00213677,0.10424717,0.01389356,109979,0.81173456,0.91618719,0.07108067,0.84510652,-0.03337196,White
NY-043,135088,0.00343744,0.91293615,0.05411509,0.35896372,0.64103628,0.43536941,0.13287139,0.00192427,0.09119075,0.0162062,113290,0.85882106,0.95449675,0.03274921,0.92174754,-0.06292648,Black
NY-044,134520,-0.00078168,0.7829172,0.18794953,0.3074968,0.6925032,0.17916436,0.44426189,0.00334038,0.10123721,0.02957328,110167,0.59496767,0.8686685,0.11709394,0.75157456,-0.15660689,Hispanic
NY-045,133404,-0.00907136,0.74243001,0.22636958,0.11759221,0.88240779,0.28828169,0.51755796,0.00432884,0.11879097,0.0322998,105109,0.51606043,0.86849812,0.12068052,0.7478176,-0.23175717,Hispanic
NY-046,133603,-0.00759318,0.90300574,0.0729282,0.12741087,0.87258913,0.70136927,0.17329881,0.00259868,0.03959442,0.018427,105823,0.83007754,0.94927051,0.03982064,0.90944987,-0.07937233,Black
NY-047,135141,0.00383113,0.84785795,0.12497913,0.2911008,0.7088992,0.56284414,0.10914252,0.00198261,0.05454873,0.01287793,110965,0.72287882,0.90040065,0.08881001,0.81159064,-0.08871182,Black
NY-048,133652,-0.0072292,0.87409828,0.11780467,0.01765566,0.98234434,0.74617013,0.26137527,0.00319114,0.03572884,0.02020061,100591,0.75629361,0.93598904,0.05828521,0.87770383,-0.12141022,Black
NY-049,134654,0.00021368,0.88404458,0.10927432,0.04739122,0.95260878,0.84751469,0.12130917,0.00187134,0.01818287,0.01142096,103669,0.77477026,0.93129325,0.06288573,0.86840752,-0.09363726,Black
NY-050,134611,-0.00010573,0.91681062,0.06761978,0.07746809,0.92253191,0.79910193,0.11693367,0.00195994,0.0367143,0.01348951,108677,0.84919084,0.95458879,0.03834356,0.91624523,-0.06705439,Black
NY-051,134357,-0.00199244,0.72697368,0.25963795,0.20219589,0.79780411,0.65129167,0.08945539,0.00175254,0.07194892,0.01139625,105561,0.46733573,0.78920684,0.20211254,0.5870943,-0.11975857,Black
NY-052,136119,0.01109574,0.63818909,0.35453346,0.31617342,0.68382658,0.51427175,0.08824967,0.0013557,0.09564608,0.00821721,108431,0.28365563,0.70424649,0.28768538,0.41656111,-0.13290548,Black
NY-053,134160,-0.00345577,0.23389914,0.75165754,0.67831353,0.32168647,0.03329086,0.08709955,0.00102737,0.19300793,0.00847583,101229,-0.5177584,0.30073754,0.68906409,-0.38832655,-0.12943185,White
NY-054,135405,0.00579213,0.36240472,0.62413064,0.61386517,0.38613483,0.12076499,0.11469351,0.00151104,0.15715742,0.00955779,109858,-0.26172592,0.42298394,0.56765684,-0.1446729,-0.11705302,White
NY-055,134781,0.00115704,0.67834395,0.28110586,0.29564928,0.70435072,0.13694539,0.19123393,0.00157656,0.38035272,0.02015256,102121,0.39723809,0.78066867,0.20735998,0.57330869,-0.1760706,Asian
NY-056,134653,0.00020625,0.13935209,0.84702401,0.71035972,0.28964028,0.033236,0.09532807,0.00104284,0.12397556,0.00922609,81508,-0.70767192,0.200554,0.79255111,-0.59199711,-0.11567481,White
NY-057,135288,0.00492305,0.56969938,0.39607146,0.32499116,0.67500884,0.05866525,0.3712828,0.00225313,0.2570713,0.03156248,107406,0.17362792,0.68486503,0.30016268,0.38470235,-0.21107443,Hispanic
NY-058,135515,0.00660921,0.38453314,0.59539083,0.31578698,0.68421302,0.01892236,0.14425212,0.00111978,0.52335402,0.01549659,105378,-0.21085769,0.54658473,0.43959791,0.10698682,-0.31784451,Asian
NY-059,134333,-0.00217072,0.37344161,0.60866635,0.39794464,0.60205536,0.03845537,0.14233677,0.00146272,0.42406598,0.01387224,105967,-0.23522474,0.52138158,0.46589499,0.05548659,-0.29071133,Asian
NY-060,134231,-0.00292838,0.3814993,0.59395856,0.64260327,0.35739673,0.04634353,0.1471704,0.00158376,0.16424191,0.01158358,108602,-0.21245926,0.4476214,0.53845338,-0.09083198,-0.12162728,White
NY-061,137087,0.01828607,0.31635862,0.66645594,0.67085111,0.32914889,0.04290892,0.12280798,0.00165175,0.16033035,0.00932324,108975,-0.35009732,0.38768339,0.60088152,-0.21319813,-0.13689919,White
NY-062,131907,-0.02019111,0.20649687,0.78391032,0.81293208,0.18706792,0.01493263,0.09389631,0.00098216,0.07274652,0.00598831,104871,-0.57741345,0.25673618,0.73333136,-0.47659518,-0.10081827,White
NY-063,134780,0.00114961,0.64552793,0.33594988,0.24289301,0.75710699,0.34012731,0.33460185,0.00240195,0.1120117,0.03226317,101168,0.30957805,0.73699265,0.25043882,0.48655383,-0.17697578,Black
NY-064,130385,-0.03149657,0.74539731,0.23516646,0.26311095,0.73688905,0.12276039,0.24945031,0.00326725,0.39054263,0.01561217,113245,0.51023085,0.82916676,0.15819258,0.67097418,-0.16074333,Asian
NY-065,130551,-0.03026352,0.79817589,0.17780808,0.64971366,0.35028634,0.05202186,0.09579891,0.00479126,0.19159781,0.00834098,114375,0.62036781,0.8578328,0.12405607,0.73377673,-0.11340892,White
NY-066,129105,-0.04100445,0.84574806,0.13404471,0.73107682,0.26892318,0.04592081,0.0892215,0.00492345,0.12275234,0.00735521,116788,0.71170335,0.89733796,0.08824405,0.80909391,-0.09739056,White
NY-067,130642,-0.02958757,0.80067521,0.17977506,0.64226883,0.35773117,0.05521483,0.09112171,0.00514037,0.20226647,0.00649487,118863,0.62090015,0.83935036,0.14626749,0.69308287,-0.07218272,White
NY-068,130165,-0.03313074,0.76158952,0.21806342,0.72911328,0.27088672,0.03660369,0.07128086,0.00226232,0.14935754,0.0066986,113158,0.5435261,0.80890929,0.1765196,0.63238969,-0.08886359,White
NY-069,131163,-0.02571757,0.80014209,0.1802661,0.4878061,0.5121939,0.11125944,0.17633808,0.0044971,0.23172166,0.01254015,119855,0.61987599,0.84258388,0.14196765,0.70061623,-0.08074024,Minority
NY-070,130624,-0.02972127,0.78371518,0.19503953,0.74379304,0.25620696,0.04304874,0.08639412,0.00124049,0.11922226,0.00652608,111246,0.58867565,0.82659748,0.15750305,0.66909443,-0.08041878,White
NY-071,130791,-0.02848079,0.83204728,0.14794099,0.72655497,0.27344503,0.05117574,0.09342863,0.00146912,0.12020622,0.00747177,110951,0.68410629,0.86281819,0.12268604,0.74013215,-0.05602586,White
NY-072,131363,-0.02423196,0.87289811,0.10790712,0.54227959,0.45772041,0.14230584,0.18187705,0.00191643,0.14242835,0.01519142,114275,0.76499099,0.90550736,0.08154685,0.82396051,-0.05896952,White
NY-073,131649,-0.02210754,0.82882016,0.15250141,0.15502894,0.84497106,0.39559141,0.4244903,0.00303552,0.08816242,0.03214245,105748,0.67631875,0.89991336,0.08933949,0.81057387,-0.13425512,Hispanic
NY-074,129969,-0.03458663,0.88762157,0.09546005,0.14675898,0.85324102,0.62297943,0.23827235,0.00322338,0.04618583,0.02428976,104859,0.79216152,0.93818562,0.05141662,0.886769,-0.09460748,Black
NY-075,129594,-0.03737214,0.78480463,0.1979331,0.18025979,0.81974021,0.28262898,0.55586352,0.00283571,0.06531284,0.03133004,109320,0.58687153,0.88096514,0.10752624,0.7734389,-0.18656737,Hispanic
NY-076,130652,-0.02951329,0.74437952,0.23911202,0.24667248,0.75332752,0.17004082,0.62524423,0.00313718,0.04504885,0.02695042,109015,0.5052675,0.84387184,0.14375603,0.70011581,-0.19484831,Hispanic
NY-077,135257,0.00469278,0.70284,0.27904108,0.31735185,0.68264815,0.21047396,0.43309905,0.00328183,0.09303471,0.02546438,107562,0.42379892,0.78315651,0.20395931,0.5791972,-0.15539828,Hispanic
NY-078,131659,-0.02203326,0.65797361,0.32938299,0.06258895,0.93741105,0.27663936,0.71969825,0.00489645,0.04737214,0.03281217,100481,0.32859062,0.82296231,0.16876643,0.65419588,-0.32560526,Hispanic
NY-079,129376,-0.03899145,0.70660281,0.28634964,0.01681687,0.98318313,0.4093908,0.67066622,0.00438113,0.01886694,0.03087602,96094,0.42025317,0.85506366,0.13793403,0.71712963,-0.29687646,Hispanic
NY-080,129690,-0.03665905,0.69659695,0.29577404,0.05829376,0.94170624,0.3637267,0.64636723,0.00464425,0.02409991,0.03519801,95602,0.40082291,0.84901111,0.14302187,0.70598924,-0.30516633,Hispanic
NY-081,128997,-0.04180667,0.75252581,0.2393916,0.02132857,0.97867143,0.50057358,0.56883989,0.00415312,0.01843945,0.02608714,94146,0.51313421,0.87860545,0.11423608,0.76436937,-0.25123516,Hispanic
NY-082,128511,-0.0454167,0.74659506,0.24469952,0.02595095,0.97404905,0.38375273,0.68659893,0.00380912,0.01611959,0.04143214,93985,0.50189554,0.86594347,0.12581431,0.74012916,-0.23823362,Hispanic
NY-083,128859,-0.04283174,0.72397866,0.26757984,0.02085726,0.97914274,0.38532227,0.66516699,0.00406297,0.02534567,0.03763029,94020,0.45639882,0.86159806,0.13140963,0.73018843,-0.27378961,Hispanic
NY-084,130265,-0.03238794,0.67786462,0.29895296,0.10977313,0.89022687,0.27756051,0.46175948,0.00352176,0.19798671,0.03019933,100234,0.37891166,0.81316253,0.17844641,0.63471612,-0.25580446,Hispanic
NY-085,130616,-0.0297807,0.66503703,0.31824231,0.21363783,0.78636217,0.3252023,0.41216818,0.00362032,0.09912819,0.02347335,102201,0.34679472,0.7727344,0.21762308,0.55511132,-0.2083166,Hispanic
NY-086,130536,-0.03037494,0.63730868,0.35412422,0.1916062,0.8083938,0.32496489,0.50882686,0.00298455,0.03987203,0.02307662,102528,0.28318446,0.73344652,0.2579498,0.47549672,-0.19231226,Hispanic
NY-087,131201,-0.0254353,0.86732607,0.12618289,0.03010321,0.96989679,0.74999276,0.25479595,0.00277089,0.02040994,0.01647084,103577,0.74114318,0.92140604,0.07177268,0.84963336,-0.10849018,Black
NY-088,128845,-0.04293573,0.81212787,0.18271961,0.15511994,0.84488006,0.62648685,0.18862633,0.00217806,0.03879739,0.01641007,100548,0.62940826,0.86206823,0.1307091,0.73135913,-0.10195087,Black
NY-089,128693,-0.0440648,0.63245252,0.36074869,0.20913837,0.79086163,0.2782825,0.4997739,0.00219929,0.05822988,0.03083121,97304,0.27170383,0.72969491,0.2620336,0.46766131,-0.19595748,Hispanic
NY-090,136248,0.01205396,0.52586299,0.46617216,0.63489603,0.36510397,0.08804307,0.17329187,0.00159673,0.10931118,0.00910694,107720,0.05969083,0.58441983,0.40435591,0.18006392,-0.12037309,White
NY-091,140473,0.04343737,0.6630544,0.33169996,0.53566639,0.46433361,0.14480742,0.25554086,0.00143411,0.06062356,0.0176097,107384,0.33135444,0.71249111,0.27598957,0.43650154,-0.1051471,White
NY-092,137528,0.02156183,0.60824328,0.38680368,0.52717648,0.47282352,0.08583751,0.30159274,0.0012679,0.07953504,0.01932385,108053,0.2214396,0.66041552,0.32859778,0.33181774,-0.11037814,White
NY-093,139809,0.03850516,0.66651647,0.32733926,0.61182395,0.38817605,0.10524392,0.1709711,0.00101442,0.11007841,0.01083877,109422,0.33917721,0.69921183,0.28967464,0.40953719,-0.07035998,White
NY-094,135588,0.00715146,0.5111032,0.47774747,0.64563485,0.35436515,0.09767489,0.14489201,0.0012257,0.10965328,0.01043698,107694,0.03335573,0.55834628,0.42824694,0.13009934,-0.09674361,White
NY-095,141068,0.04785705,0.29650822,0.6957998,0.61499982,0.38500018,0.16608643,0.15953945,0.00147337,0.04546049,0.01153741,84161,-0.39929158,0.39050622,0.60199983,-0.21149361,-0.18779797,White
NY-096,128624,-0.04457733,0.6396963,0.35573383,0.6827398,0.3172602,0.06472941,0.18658855,0.00100742,0.06013243,0.01179566,102241,0.28396247,0.66968248,0.31723309,0.35244939,-0.06848692,White
NY-097,129988,-0.0344455,0.55690969,0.4372718,0.51724818,0.48275182,0.1420067,0.30091662,0.0012123,0.04694461,0.0192194,101460,0.11963789,0.60011944,0.38685865,0.21326079,-0.0936229,White
NY-098,134290,-0.00249012,0.439195,0.55292442,0.76551272,0.23448728,0.04054079,0.14917665,0.00112275,0.03604978,0.01300524,106880,-0.11372942,0.46985079,0.51511045,-0.04525966,-0.06846976,White
NY-099,132782,-0.01369159,0.44314381,0.5467291,0.77302394,0.22697606,0.07164445,0.09949382,0.00111249,0.0393173,0.01706747,107866,-0.10358529,0.46358068,0.51801525,-0.05443457,-0.04915072,White
NY-100,134545,-0.00059598,0.58174609,0.40745381,0.59871589,0.40128411,0.18939708,0.15800675,0.00146085,0.04984039,0.01900914,110894,0.17429228,0.60094417,0.38014034,0.22080383,-0.04651155,White
NY-101,140566,0.04412818,0.50321649,0.49382959,0.59414667,0.40585333,0.14222235,0.22446095,0.00194003,0.03815383,0.02225486,108246,0.0093869,0.5363104,0.44799089,0.08831951,-0.07893261,White
NY-102,140490,0.04356365,0.44991517,0.54752158,0.54083686,0.45916314,0.15717575,0.22965936,0.00143142,0.04371007,0.01951083,96408,-0.09760641,0.49723494,0.49038902,0.00684592,-0.10445233,White
NY-103,130980,-0.0270769,0.38750245,0.60979918,0.68799215,0.31200785,0.10711994,0.15981957,0.0012735,0.03217778,0.02180507,102866,-0.22229673,0.42055935,0.56418565,-0.1436263,-0.07867043,White
NY-104,137508,0.02141327,0.4302736,0.56327172,0.86558844,0.13441156,0.03395959,0.05721375,0.00124069,0.01774194,0.02011698,112840,-0.13299812,0.43597209,0.54275599,-0.1067839,-0.02621422,White
NY-105,133247,-0.01023756,0.55202332,0.44148666,0.73079108,0.26920892,0.09409463,0.13062336,0.00101895,0.02955843,0.02078468,110899,0.11053666,0.56052442,0.42131614,0.13920828,-0.02867162,White
NY-106,136684,0.01529258,0.52642848,0.46332129,0.81867374,0.18132626,0.0661724,0.0702132,0.00108047,0.0204148,0.02097699,113839,0.06310719,0.53433088,0.4448869,0.08944398,-0.02633679,White
NY-107,131199,-0.02545016,0.54316828,0.44665941,0.87305543,0.12694457,0.03325334,0.04190718,0.00122303,0.02400652,0.01891985,107929,0.09650887,0.54901326,0.42958266,0.1194306,-0.02292173,White
NY-108,135648,0.00759714,0.38209681,0.61377363,0.910505,0.089495,0.02260501,0.02238049,0.00096096,0.00829838,0.02387132,111347,-0.23167682,0.39829476,0.58007818,-0.18178342,-0.0498934,White
NY-109,135574,0.00704747,0.56163396,0.42554688,0.74436836,0.25563164,0.12035286,0.06137436,0.00103729,0.05526997,0.02145257,108938,0.13608708,0.5785729,0.3967141,0.1818588,-0.04577172,White
NY-110,135198,0.00425453,0.74337793,0.23891533,0.58819924,0.41180076,0.24304075,0.08639254,0.00166491,0.07933952,0.0163747,109315,0.5044626,0.76535883,0.21088459,0.55447424,-0.05001164,White
NY-111,137007,0.01769183,0.5574782,0.42495256,0.7848442,0.2151558,0.06188723,0.03862325,0.00134146,0.09692725,0.0134056,111073,0.13252564,0.58513174,0.39248861,0.19264313,-0.06011749,White
NY-112,134637,0.0000874,0.51909339,0.47384076,0.86721499,0.13278501,0.02709784,0.03245003,0.00069242,0.04826334,0.01607531,106872,0.04525263,0.52987312,0.44748327,0.08238985,-0.03713722,White
NY-113,133147,-0.01098036,0.54062988,0.45376838,0.89742662,0.10257338,0.02259824,0.03011243,0.0009184,0.02162418,0.01841441,107796,0.0868615,0.54623926,0.43091733,0.11532193,-0.02846043,White
NY-114,129464,-0.03833779,0.55435354,0.43259944,0.6633259,0.3366741,0.14096654,0.07203965,0.00408426,0.07578686,0.02688476,100875,0.1217541,0.57715061,0.39902909,0.17812152,-0.05636742,White
NY-115,137604,0.02212636,0.33824078,0.65487949,0.86971972,0.13028028,0.02605059,0.06211503,0.00124831,0.01096148,0.02182272,109748,-0.31663871,0.35020531,0.6284211,-0.27821579,-0.03842292,White
NY-116,128471,-0.04571382,0.37447746,0.62084062,0.92537696,0.07462304,0.01253256,0.01781203,0.0008684,0.00843728,0.02158167,101336,-0.24636316,0.37969018,0.59686841,-0.21717823,-0.02918493,White
NY-117,138775,0.03082458,0.35663346,0.63803956,0.90528428,0.09471572,0.02884343,0.02427339,0.00058341,0.01222509,0.01888127,113128,-0.2814061,0.36463043,0.61192564,-0.24729521,-0.03411089,White
NY-118,139576,0.03677443,0.39758253,0.59739279,0.87311706,0.12688294,0.03322439,0.02411244,0.00158469,0.01262347,0.05274484,111063,-0.19981026,0.42244752,0.55715354,-0.13470602,-0.06510424,White
NY-119,137079,0.01822665,0.49431309,0.4995824,0.87422524,0.12577476,0.04923191,0.03426548,0.00111754,0.01287749,0.02468902,116327,-0.00526931,0.51947178,0.46343591,0.05603587,-0.06130518,White
NY-120,139153,0.03363238,0.30814807,0.6882833,0.87151464,0.12848536,0.04002443,0.04181049,0.00249864,0.01653726,0.01749045,108059,-0.38013523,0.33024461,0.65035913,-0.32011452,-0.06002071,White
NY-121,139303,0.03474658,0.35900145,0.63592731,0.89875132,0.10124868,0.02912683,0.02579156,0.00129957,0.01205969,0.02441019,110036,-0.27692586,0.37036208,0.60893705,-0.23857497,-0.03835089,White
NY-122,134643,0.00013197,0.46951374,0.52767304,0.73864135,0.26135865,0.10528323,0.07699861,0.00139183,0.06918149,0.01473813,104898,-0.0581593,0.49186523,0.48857731,0.00328792,-0.06144722,White
NY-123,129833,-0.03559684,0.54452779,0.45117124,0.8559823,0.1440177,0.05496416,0.03346149,0.00125577,0.03012886,0.02240104,103522,0.09335655,0.5501705,0.42780237,0.12236813,-0.02901158,White
NY-124,140889,0.04652743,0.55380075,0.43955934,0.8688746,0.1311254,0.0400415,0.02544518,0.00086755,0.0381633,0.02117897,111809,0.11424141,0.55281921,0.42302656,0.12979265,-0.01555124,White
NY-125,132733,-0.01405556,0.5109023,0.48522768,0.8694123,0.1305877,0.04354829,0.03395985,0.00140109,0.02727845,0.02003469,104918,0.02567462,0.51700087,0.46077461,0.05622626,-0.03055164,White
NY-126,130492,-0.03070177,0.77243787,0.2186794,0.49983845,0.50016155,0.31921122,0.09327054,0.00201698,0.07953355,0.0240177,102133,0.55375847,0.78477874,0.19266143,0.59211731,-0.03835884,Minority
NY-127,139043,0.03281529,0.56578722,0.42625672,0.76265956,0.23734044,0.09220262,0.05527599,0.00160436,0.07405492,0.01835811,114064,0.1395305,0.57298011,0.40234381,0.1706363,-0.0311058,White
NY-128,137497,0.02133156,0.38467084,0.60791834,0.89728282,0.10271718,0.03102086,0.03540931,0.0009234,0.00755179,0.02007716,109378,-0.2232475,0.39365413,0.58302099,-0.18936686,-0.03388064,White
NY-129,133264,-0.01011128,0.48614459,0.50474975,0.86939623,0.13060377,0.05230187,0.04221462,0.00103342,0.01189801,0.01872039,109346,-0.01860516,0.48763284,0.48538568,0.00224716,-0.02085232,White
NY-130,134417,-0.00154676,0.34555638,0.64738401,0.90739351,0.09260649,0.03030824,0.0290695,0.00090418,0.00739622,0.01897881,110597,-0.30182763,0.34374546,0.63152695,-0.28778149,-0.01404614,White
NY-131,131894,-0.02028768,0.70075024,0.2828447,0.75687852,0.24312148,0.05274424,0.05944363,0.00167485,0.10548848,0.01847705,111652,0.41790554,0.70269694,0.27461536,0.42808158,-0.01017604,White
NY-132,131069,-0.0264158,0.40259824,0.59400505,0.87515302,0.12484698,0.05322303,0.02548776,0.00102334,0.01666985,0.02118401,104560,-0.19140681,0.40762809,0.56967073,-0.16204264,-0.02936417,White
NY-133,140358,0.04258315,0.32131768,0.66947368,0.91367963,0.08632037,0.02204696,0.01665307,0.00109691,0.01720606,0.0192367,110310,-0.348156,0.32613501,0.65126941,-0.3251344,-0.0230216,White
NY-134,128862,-0.04280946,0.348094,0.64599243,0.91754152,0.08245848,0.01499334,0.01697156,0.00095973,0.00812833,0.03514768,102112,-0.29789843,0.35979065,0.61964459,-0.25985394,-0.03804449,White
NY-135,135169,0.00403911,0.38593257,0.60662681,0.84070635,0.15929365,0.04213109,0.07341701,0.0010307,0.00894795,0.03186968,109634,-0.22069424,0.38925351,0.58806194,-0.19880843,-0.02188581,White
NY-136,137594,0.02205208,0.57119694,0.41563956,0.8064187,0.1935813,0.05038875,0.03948022,0.00097527,0.08563379,0.0121818,110739,0.15555738,0.57120773,0.40136259,0.16984514,-0.01428776,White
NY-137,138660,0.02997036,0.56671968,0.42224148,0.88782842,0.11217158,0.03056503,0.03197126,0.00094353,0.03280592,0.01102301,110224,0.1444782,0.55496312,0.41837719,0.13658593,0.00789226999999992,White
NY-138,132730,-0.01407785,0.70356325,0.28252117,0.68996273,0.31003727,0.15764111,0.09507455,0.00134008,0.05049698,0.01604544,112680,0.42104208,0.701218,0.27136924,0.42984876,-0.00880668,White
NY-139,131931,-0.02001284,0.82040738,0.17159288,0.19878509,0.80121491,0.56194728,0.22217095,0.00250064,0.03831459,0.02059543,93176,0.6488145,0.84795064,0.13612825,0.71182239,-0.06300789,Black
NY-140,139676,0.03751724,0.54598876,0.44291746,0.80035325,0.19964675,0.0837197,0.04518921,0.00106857,0.05461209,0.01314964,113235,0.1030713,0.54717104,0.42586475,0.12130629,-0.01823499,White
NY-141,128830,-0.04304716,0.44254088,0.54929681,0.82417829,0.17582171,0.07867121,0.05510597,0.00081024,0.02491239,0.0154531,102439,-0.10675593,0.44656652,0.5304721,-0.08390558,-0.02285035,White
NY-142,133154,-0.01092836,0.31371659,0.68206036,0.89174252,0.10825748,0.03496192,0.03628088,0.00081739,0.00803455,0.02206948,107660,-0.36834377,0.32141841,0.65576004,-0.33434163,-0.03400214,White
NY-143,128521,-0.04534242,0.42357319,0.56862152,0.89235657,0.10764343,0.04088371,0.02644397,0.00062572,0.01334232,0.02302657,103880,-0.14504833,0.43740929,0.54249819,-0.1050889,-0.03995943,White
NY-144,129635,-0.03706759,0.4124796,0.57635907,0.92619464,0.07380536,0.01848719,0.01721583,0.00056398,0.02119239,0.00949213,104613,-0.16387947,0.4222851,0.55966799,-0.13738289,-0.02649658,White
NY-145,135444,0.00608182,0.50444867,0.48183933,0.83049179,0.16950821,0.07181487,0.06533822,0.00085293,0.01721795,0.01605571,106691,0.02260934,0.53243346,0.44888411,0.08354935,-0.06094001,White
NY-146,134884,0.00192213,0.46630837,0.52210549,0.90448385,0.09551615,0.03645565,0.02479563,0.00057033,0.02102061,0.00965934,110463,-0.05579712,0.48143858,0.50094538,-0.0195068,-0.03629032,White
NY-147,138884,0.03163424,0.53239799,0.45575565,0.80192564,0.19807436,0.11205006,0.03651695,0.00064727,0.02686181,0.02321191,111236,0.07664234,0.55090904,0.42872445,0.12218459,-0.04554225,White
NY-148,129656,-0.0369116,0.59501463,0.38909373,0.75664055,0.24335945,0.07535884,0.0329878,0.0008032,0.12479802,0.00836271,105827,0.2059209,0.60548648,0.37730334,0.22818314,-0.02226224,White
NY-149,137047,0.01798895,0.7329353,0.24792851,0.60072532,0.39927468,0.18540566,0.13544824,0.00201478,0.07305413,0.02020276,109193,0.48500679,0.75451954,0.22440732,0.53011222,-0.04510543,White
NY-150,137330,0.02009108,0.79031779,0.18889219,0.25719025,0.74280975,0.60038872,0.06110489,0.00129572,0.08371125,0.01468481,101874,0.6014256,0.84644441,0.14154623,0.70489818,-0.10347258,Black
OH-01,120352,0.00978115,0.54813406,0.44203384,0.6716986,0.3283014,0.20382512,0.02696133,0.00121534,0.07329346,0.02238782,93801,0.10610022,0.56909767,0.41637093,0.15272674,-0.04662652,White
OH-02,118903,-0.0023763,0.54707051,0.44406006,0.68191246,0.31808754,0.25671435,0.01872042,0.00085093,0.01809286,0.02282614,94015,0.10301045,0.56874636,0.4167269,0.15201946,-0.04900901,White
OH-03,120062,0.00734798,0.51869741,0.47282764,0.82525016,0.17474984,0.10414552,0.01786861,0.00076654,0.02762643,0.01830367,96538,0.04586977,0.52641029,0.45974068,0.06666961,-0.02079984,White
OH-04,120207,0.00856456,0.51756795,0.47331185,0.76894305,0.23105695,0.05416037,0.02818294,0.00093223,0.13232001,0.01143689,87961,0.0442561,0.5100295,0.4762888,0.0337407,0.0105154,White
OH-05,120660,0.01236534,0.64838722,0.33930731,0.54843968,0.45156032,0.296438,0.06750283,0.00118659,0.07143966,0.01920731,90174,0.30907991,0.66625629,0.31830996,0.34794633,-0.03886642,White
OH-06,119441,0.00213764,0.59812644,0.39199022,0.71140684,0.28859316,0.16622488,0.03716458,0.00111896,0.06709397,0.01656708,92050,0.20613622,0.59844781,0.38681079,0.21163702,-0.0055008,White
OH-07,119202,0.00013238,0.57677359,0.41404575,0.55919291,0.44080709,0.35701425,0.04863721,0.00105782,0.01810673,0.01837681,88862,0.16272784,0.5875221,0.39617344,0.19134866,-0.02862082,White
OH-08,120652,0.01229821,0.6830839,0.30795465,0.51072104,0.48927896,0.41036955,0.03471117,0.00124999,0.02973259,0.01663444,93601,0.37512925,0.68918964,0.29591973,0.39326991,-0.01814066,White
OH-09,119320,0.00112243,0.72635166,0.26377452,0.66901673,0.33098327,0.23751407,0.02960286,0.00142189,0.05028931,0.01288583,101274,0.46257714,0.73403558,0.24984484,0.48419074,-0.0216136,White
OH-10,118534,-0.0054723,0.60505108,0.38436648,0.51888403,0.48111597,0.38686655,0.04938988,0.00129764,0.02866184,0.02381278,87852,0.2206846,0.61349091,0.37037182,0.24311909,-0.02243449,White
OH-11,119181,-0.00004382,0.6731082,0.31680656,0.42618772,0.57381228,0.42695128,0.07321154,0.00160571,0.06329654,0.02137957,89057,0.35630164,0.70213692,0.28240997,0.41972695,-0.06342531,Black
OH-12,118773,-0.00346703,0.8246704,0.16566278,0.3499621,0.6500379,0.55357971,0.05487494,0.00152713,0.03137974,0.01929842,88401,0.65900762,0.85152905,0.13572248,0.71580657,-0.05679895,Black
OH-13,119876,0.0057874,0.77855197,0.21270994,0.64873186,0.35126814,0.22081048,0.06059573,0.00185129,0.05536339,0.01689548,102631,0.56584203,0.79402199,0.19004488,0.60397711,-0.03813508,White
OH-14,121179,0.01671987,0.5772225,0.41250628,0.65480341,0.34519659,0.19903217,0.09523233,0.00160572,0.02928787,0.02700027,90925,0.16471622,0.59071971,0.39123396,0.19948575,-0.03476953,White
OH-15,119922,0.00617335,0.44053173,0.55069618,0.76965671,0.23034329,0.09893742,0.07650387,0.000963,0.03313599,0.02352787,91381,-0.11016445,0.44190206,0.54056423,-0.09866217,-0.01150228,White
OH-16,120742,0.01305334,0.56270805,0.42557778,0.77274788,0.22725212,0.05667811,0.04799991,0.001047,0.10542279,0.01426937,92646,0.13713027,0.56802423,0.41509463,0.1529296,-0.01579933,White
OH-17,118498,-0.00577434,0.63319974,0.35571594,0.76076603,0.23923397,0.06482768,0.04662521,0.00144429,0.10924787,0.01523671,90702,0.2774838,0.6349833,0.34966976,0.28531354,-0.00782974,White
OH-18,119956,0.00645861,0.71260195,0.27729765,0.80564111,0.19435889,0.0448467,0.03305383,0.00152999,0.10038349,0.01188229,100654,0.4353043,0.71648543,0.26855154,0.44793389,-0.01262959,White
OH-19,118118,-0.00896263,0.49632848,0.49367804,0.73778229,0.26221771,0.19091634,0.03389164,0.00096146,0.00856578,0.02693194,91527,0.00265044,0.51826396,0.46479613,0.05346783,-0.05081739,White
OH-20,119605,0.00351364,0.38104673,0.61066236,0.90116316,0.09883684,0.03638811,0.01806785,0.00079928,0.01913005,0.0179732,95086,-0.22961563,0.38610252,0.59979382,-0.2136913,-0.01592433,White
OH-21,119820,0.00531754,0.33206173,0.65977705,0.90766692,0.09233308,0.03883701,0.01770511,0.0007192,0.00857756,0.0190589,94549,-0.32771532,0.34232452,0.64385637,-0.30153185,-0.02618347,White
OH-22,117801,-0.01162234,0.36718797,0.62290736,0.90571488,0.09428512,0.02318433,0.02213793,0.0007848,0.02159293,0.02033943,91743,-0.25571939,0.35584896,0.62676409,-0.27091513,0.01519574,White
OH-23,118072,-0.00934858,0.22934171,0.76366193,0.93113802,0.06886198,0.01387916,0.01397925,0.00075624,0.00728433,0.02709105,89919,-0.53432022,0.22768623,0.75891944,-0.53123321,-0.00308701,White
OH-24,117889,-0.01088399,0.228818,0.76553864,0.93180359,0.06819641,0.02636246,0.00896519,0.00064193,0.00450436,0.02340307,91911,-0.53672064,0.25155142,0.73745893,-0.48590751,-0.05081313,White
OH-25,120679,0.01252475,0.30255128,0.68851776,0.91849249,0.08150751,0.02554182,0.01549753,0.00103461,0.0108418,0.02296608,92789,-0.38596648,0.30296907,0.68103529,-0.37806622,-0.00790026,White
OH-26,120239,0.00883305,0.46216195,0.52850129,0.75813829,0.24186171,0.12842087,0.02943697,0.00104615,0.05938589,0.02042225,89853,-0.06633934,0.4646642,0.51835768,-0.05369348,-0.01264586,White
OH-27,118818,-0.00308947,0.31736001,0.67407837,0.91495492,0.08504508,0.03253585,0.01327192,0.00072035,0.01090349,0.02258191,91622,-0.35671836,0.31613702,0.66884663,-0.35270961,-0.00400875,White
OH-28,118013,-0.00984361,0.22109937,0.77204585,0.9405562,0.0594438,0.02185161,0.00803913,0.00044662,0.00450975,0.01991264,91801,-0.55094648,0.24174331,0.74644755,-0.50470424,-0.04624224,White
OH-29,117917,-0.01064907,0.23488322,0.75782463,0.94771364,0.05228636,0.01307433,0.0065262,0.00061423,0.00433252,0.02313236,91171,-0.52294141,0.24998223,0.73697398,-0.48699175,-0.03594966,White
OH-30,118655,-0.00445708,0.40651132,0.58532675,0.89970845,0.10029155,0.04159378,0.01683801,0.00094113,0.01759501,0.02057184,97755,-0.17881543,0.41946679,0.56513846,-0.14567167,-0.03314376,White
OH-31,121088,0.01595636,0.25880585,0.73156448,0.90913692,0.09086308,0.0437684,0.0116213,0.00075409,0.00602242,0.0198027,96805,-0.47275863,0.27797991,0.70831992,-0.43034001,-0.04241862,White
OH-32,120890,0.01429509,0.23191878,0.76098184,0.92849039,0.07150961,0.03243873,0.00976772,0.00063949,0.00620926,0.01679181,96952,-0.52906306,0.24837929,0.74007685,-0.49169756,-0.0373655,White
OH-33,119932,0.00625725,0.26314824,0.72898208,0.92074237,0.07925763,0.04038944,0.00861685,0.00059764,0.0055526,0.0207326,92029,-0.46583384,0.28018581,0.70396641,-0.4237806,-0.04205324,White
OH-34,118347,-0.00704127,0.33594694,0.65544543,0.89238645,0.10761355,0.0411502,0.03133646,0.00091493,0.00615401,0.0208474,91810,-0.31949849,0.35300066,0.63082108,-0.27782042,-0.04167807,White
OH-35,118867,-0.00267835,0.31022014,0.68156042,0.92520744,0.07479256,0.02391277,0.01234208,0.00057332,0.00643164,0.02181754,95932,-0.37134028,0.33064618,0.65512772,-0.32448154,-0.04685874,White
OH-36,117779,-0.01180692,0.26199333,0.73053257,0.93089366,0.06910634,0.02466119,0.01361602,0.00058188,0.00505708,0.01805948,94521,-0.46853924,0.27865044,0.70688755,-0.42823711,-0.04030213,White
OH-37,117971,-0.010196,0.37404026,0.61664364,0.9239366,0.0760634,0.01725396,0.01845215,0.00065356,0.01426938,0.01753717,91805,-0.24260338,0.37942197,0.60684971,-0.22742774,-0.01517564,White
OH-38,117909,-0.01071619,0.32720016,0.66480202,0.92596313,0.07403687,0.01177246,0.02304809,0.00050762,0.01225848,0.0179827,92589,-0.33760186,0.33401328,0.65247466,-0.31846138,-0.01914048,White
OH-39,117263,-0.01613628,0.3047281,0.68572877,0.89154058,0.10845942,0.02484315,0.05363088,0.00116469,0.00816385,0.01838239,91011,-0.38100067,0.31715048,0.66547877,-0.34832829,-0.03267238,White
OH-40,118887,-0.00251054,0.26785071,0.72441572,0.93411515,0.06588485,0.01079649,0.02629043,0.00049274,0.00458796,0.02275365,91326,-0.45656501,0.28247137,0.70217953,-0.41970816,-0.03685685,White
OH-41,120127,0.00789334,0.2789786,0.71246303,0.93001692,0.06998308,0.01509306,0.01555556,0.00111675,0.0170784,0.01646926,88650,-0.43348443,0.27306995,0.71230518,-0.43923523,0.0057508,White
OH-42,119953,0.00643344,0.39097457,0.59889847,0.87027063,0.12972937,0.03378717,0.02450964,0.00081401,0.0486067,0.01781911,89679,-0.2079239,0.38460955,0.5967786,-0.21216905,0.00424515000000009,White
OH-43,120173,0.00827929,0.18523584,0.80693139,0.93836317,0.06163683,0.01008022,0.02432019,0.00423678,0.00634966,0.01499928,90871,-0.62169555,0.19216818,0.79401732,-0.60184914,-0.01984641,White
OH-44,120885,0.01425314,0.19048237,0.80151867,0.92683348,0.07316652,0.0215811,0.01633952,0.00152071,0.01080673,0.01873382,92720,-0.6110363,0.19556432,0.79006498,-0.59450066,-0.01653564,White
OH-45,121014,0.01533548,0.25142226,0.74022539,0.90402569,0.09597431,0.0461689,0.01916084,0.00086128,0.00650745,0.0191502,94046,-0.48880313,0.25823214,0.72359851,-0.46536637,-0.02343676,White
OH-46,119311,0.00104691,0.23575437,0.75638929,0.94097768,0.05902232,0.01325957,0.01507846,0.00064576,0.0074908,0.01677896,92914,-0.52063492,0.23859566,0.74640989,-0.50781423,-0.01282069,White
OH-47,119183,-0.00002704,0.29429583,0.69671154,0.84785813,0.15214187,0.10161308,0.01717765,0.00136738,0.00839654,0.02037176,93610,-0.40241571,0.3057365,0.67854425,-0.37280775,-0.02960796,White
OH-48,119708,0.00437784,0.2966721,0.69440832,0.92599028,0.07400972,0.02048739,0.01927772,0.00101172,0.010942,0.01756219,90934,-0.39773622,0.30447113,0.67996697,-0.37549584,-0.02224038,White
OH-49,120339,0.00967207,0.2503731,0.74084804,0.83146397,0.16853603,0.11270514,0.02474731,0.00094555,0.01015107,0.01635692,92010,-0.49047494,0.26810026,0.71704125,-0.44894099,-0.04153395,White
OH-50,118900,-0.00240147,0.27193265,0.71776222,0.89216082,0.10783918,0.01846181,0.05643166,0.00071929,0.01533398,0.01557374,91757,-0.44582957,0.27780611,0.70509101,-0.4272849,-0.01854467,White
OH-51,118101,-0.00910527,0.27864527,0.71236995,0.88893897,0.11106103,0.01478688,0.06733803,0.00098946,0.00602469,0.01914049,90959,-0.43372468,0.28769557,0.69461856,-0.40692299,-0.02680169,White
OH-52,119936,0.00629081,0.28154487,0.70999084,0.90247792,0.09752208,0.05174815,0.01042829,0.00087168,0.00701598,0.02365235,94071,-0.42844597,0.29869604,0.68787756,-0.38918152,-0.03926445,White
OH-53,119109,-0.00064791,0.20504972,0.78833928,0.93148991,0.06851009,0.02352606,0.01249617,0.0010067,0.00625903,0.02141419,91388,-0.58328956,0.21615198,0.77084819,-0.55469621,-0.02859335,White
OH-54,120499,0.01101451,0.25462494,0.73578445,0.89153747,0.10846253,0.05738431,0.01661349,0.00067222,0.00746914,0.02236473,93719,-0.48115951,0.26324745,0.72195986,-0.45871241,-0.0224471,White
OH-55,117913,-0.01068263,0.43467439,0.5534688,0.82404249,0.17595751,0.06384127,0.03106784,0.00185673,0.05622004,0.02052118,92636,-0.11879441,0.42974153,0.55012755,-0.12038602,0.00159161000000008,White
OH-56,118528,-0.00552264,0.28042546,0.70954046,0.8726477,0.1273523,0.06558335,0.01760575,0.00124574,0.01826721,0.02045001,90709,-0.429115,0.28170154,0.70204674,-0.4203452,-0.0087698,White
OH-57,121163,0.01658562,0.34262065,0.64868031,0.84959664,0.15040336,0.06443132,0.02940646,0.00128269,0.03239587,0.02209195,94333,-0.30605966,0.34300961,0.64235861,-0.299349,-0.00671066,White
OH-58,120966,0.01493275,0.67974978,0.31054513,0.47228342,0.52771658,0.43079352,0.0442084,0.00188541,0.03657908,0.01866772,91227,0.36920465,0.67611903,0.3096035,0.36651553,0.00268912,Minority
OH-59,120373,0.00995734,0.52915107,0.46038329,0.74826698,0.25173302,0.11272669,0.04590621,0.00261831,0.07416032,0.01667561,93190,0.06876778,0.51815809,0.46680203,0.05135606,0.01741172,White
OH-60,120112,0.00776749,0.56236564,0.42681326,0.77909456,0.22090544,0.14335963,0.03023908,0.00133121,0.02871305,0.01517365,92397,0.13555238,0.55673034,0.42733307,0.12939727,0.00615511,White
OH-61,118874,-0.00261962,0.51413023,0.47675805,0.81178253,0.18821747,0.09443947,0.03803397,0.00060812,0.03510007,0.01755004,93732,0.03737218,0.5239858,0.46017092,0.06381488,-0.0264427,White
OH-62,119636,0.00377374,0.52408174,0.46603114,0.74778315,0.25221685,0.1627781,0.04395476,0.00077523,0.02764297,0.01597196,94165,0.0580506,0.5363517,0.44741037,0.08894133,-0.03089073,White
OH-63,117407,-0.01492809,0.44089241,0.54899274,0.86834209,0.13165791,0.03349435,0.05207159,0.00089375,0.02252463,0.01887515,93986,-0.10810033,0.45019596,0.5314467,-0.08125074,-0.02684959,White
OH-64,118563,-0.00522898,0.62058738,0.3702447,0.64466164,0.35533836,0.25358432,0.0651046,0.00087757,0.01619113,0.02312392,91161,0.25034268,0.63503438,0.34587027,0.28916411,-0.03882143,White
OH-65,119141,-0.00037942,0.51794597,0.47266295,0.6641857,0.3358143,0.2209296,0.08965307,0.00085124,0.00745381,0.02156475,91631,0.04528302,0.54644942,0.43800665,0.10844277,-0.06315975,White
OH-66,118583,-0.00506117,0.40638041,0.58440923,0.83612859,0.16387141,0.0786932,0.05490422,0.000394,0.00835916,0.02097776,93909,-0.17802882,0.41621049,0.56563338,-0.14942289,-0.02860593,White
OH-67,118001,-0.00994429,0.83989883,0.1526383,0.32832338,0.67167662,0.55649946,0.07259771,0.00127583,0.03888681,0.01541366,96408,0.68726053,0.85526429,0.13265831,0.72260598,-0.03534545,Black
OH-68,118853,-0.00279581,0.89810775,0.09487996,0.17786798,0.82213202,0.74575054,0.03742355,0.00097939,0.03798942,0.01296059,91894,0.80322779,0.91717853,0.07277646,0.84440207,-0.04117428,Black
OH-69,117764,-0.01193277,0.61936963,0.37157534,0.52122056,0.47877944,0.195757,0.2464057,0.00291776,0.03178351,0.02707278,89795,0.24779429,0.63780302,0.34835588,0.28944714,-0.04165285,White
OH-70,117476,-0.01434916,0.47923045,0.51123713,0.80035964,0.19964036,0.10813283,0.05521789,0.00128291,0.0134075,0.0221881,95096,-0.03200668,0.49434821,0.48976378,0.00458443,-0.03659111,White
OH-71,118313,-0.00732654,0.51590412,0.47533551,0.6986213,0.3013787,0.1145248,0.16049273,0.00116839,0.01639089,0.02155407,89867,0.04056861,0.5330482,0.4542101,0.0788381,-0.03826949,White
OH-72,118487,-0.00586664,0.52136776,0.46982123,0.8956156,0.1043844,0.02163229,0.03017362,0.00068674,0.03606455,0.01045132,93194,0.05154653,0.5211323,0.46862131,0.05251099,-0.00096446,White
OH-73,119975,0.00661803,0.64538136,0.34565392,0.84612982,0.15387018,0.05843822,0.04771598,0.00095734,0.03174347,0.01345319,99233,0.29972744,0.64518,0.34164548,0.30353452,-0.00380708,White
OH-74,118054,-0.00949961,0.48343335,0.50860708,0.8610658,0.1389342,0.0396432,0.03282511,0.00103526,0.04839587,0.01306103,95628,-0.02517373,0.48694172,0.50215865,-0.01521693,-0.0099568,White
OH-75,118281,-0.00759502,0.47434222,0.51749351,0.82921114,0.17078886,0.05559799,0.0626071,0.00097033,0.03536553,0.01650598,96874,-0.04315129,0.48344347,0.50350114,-0.02005767,-0.02309362,White
OH-76,120129,0.00791012,0.82205371,0.17199764,0.32033299,0.67966701,0.63328256,0.02025683,0.00118473,0.02046839,0.01272531,94536,0.65005607,0.82576857,0.16530557,0.660463,-0.01040693,Black
OH-77,119677,0.00411774,0.85770963,0.13588722,0.40327968,0.59672032,0.52481307,0.0296076,0.00092658,0.03678324,0.01218566,92814,0.72182241,0.85752577,0.13387051,0.72365526,-0.00183284999999989,Black
OH-78,120816,0.01367421,0.50456788,0.48772709,0.75516743,0.24483257,0.17220369,0.02410791,0.00072222,0.03539895,0.01089433,98308,0.01684079,0.51160202,0.47875103,0.03285099,-0.0160102,White
OH-79,119770,0.00489803,0.33111407,0.66065,0.842258,0.157742,0.08878093,0.02104516,0.00153701,0.02139986,0.02244244,93038,-0.32953593,0.33354077,0.65126855,-0.31772778,-0.01180815,White
OH-80,118851,-0.00281259,0.27193038,0.71901848,0.90295025,0.09704975,0.029777,0.02411147,0.00094426,0.01778715,0.01973056,91077,-0.4470881,0.27353653,0.71007902,-0.43654249,-0.01054561,White
OH-81,119586,0.00335423,0.35987428,0.63080508,0.82883899,0.17116101,0.11016248,0.02472159,0.00140683,0.01015926,0.02258449,93117,-0.2709308,0.38899668,0.59449305,-0.20549637,-0.06543443,White
OH-82,118019,-0.00979326,0.27692308,0.71384906,0.89854009,0.10145991,0.04608628,0.01376674,0.00081045,0.01746854,0.01834471,91307,-0.43692598,0.27154811,0.71393208,-0.44238397,0.00545798999999991,White
OH-83,117896,-0.01082526,0.27337214,0.7198072,0.85254159,0.14745841,0.0700046,0.03900737,0.0013238,0.01165621,0.02428845,89137,-0.44643506,0.28857825,0.69871877,-0.41014052,-0.03629454,White
OH-84,118349,-0.00702449,0.23231237,0.76021719,0.91397975,0.08602025,0.02014793,0.01644427,0.00059259,0.02837007,0.0161374,94501,-0.52790482,0.24464027,0.7413895,-0.49674923,-0.03115559,White
OH-85,120202,0.00852261,0.38899035,0.6017787,0.73552512,0.26447488,0.1342226,0.07075166,0.00308321,0.03469427,0.02528236,92436,-0.21278835,0.39601948,0.58781685,-0.19179737,-0.02099098,White
OH-86,118785,-0.00336635,0.41189232,0.57822504,0.75648934,0.24351066,0.08897068,0.05218735,0.00110191,0.08266594,0.01755103,88029,-0.16633272,0.41007896,0.57535563,-0.16527667,-0.00105605,White
OH-87,118023,-0.0097597,0.40715535,0.58239784,0.76279091,0.23720909,0.06063671,0.03256582,0.0015957,0.12338604,0.01529403,88989,-0.17524249,0.40831779,0.57586916,-0.16755137,-0.00769112000000005,White
OH-88,120010,0.00691169,0.72949334,0.26237772,0.34285528,0.65714472,0.61466525,0.02049572,0.00130338,0.01036191,0.01806274,92068,0.46711562,0.7506523,0.23640817,0.51424413,-0.04712851,Black
OH-89,119738,0.00462954,0.53999155,0.44907438,0.72920713,0.27079287,0.15631401,0.05598183,0.00172987,0.0328356,0.02619207,94227,0.09091717,0.53875279,0.44132252,0.09743027,-0.0065131,White
OH-90,118805,-0.00319854,0.47740245,0.51245662,0.84023562,0.15976438,0.05781394,0.03016241,0.00143025,0.04980453,0.0181483,94389,-0.03505417,0.46498708,0.51890225,-0.05391517,0.018861,White
OH-91,121017,0.01536065,0.52610107,0.46480593,0.82094352,0.17905648,0.08998541,0.0168896,0.00071914,0.05297006,0.01445479,97338,0.06129514,0.52825772,0.45837944,0.06987828,-0.00858314,White
OH-92,117325,-0.01561609,0.53310931,0.4572557,0.84942093,0.15057907,0.0626634,0.02275328,0.00099749,0.04514957,0.01460536,95239,0.07585361,0.53536665,0.4507526,0.08461405,-0.00876044000000009,White
OH-93,119012,-0.00146176,0.38927341,0.60253106,0.92905577,0.07094423,0.02013691,0.01494587,0.00060562,0.01540009,0.01190695,92467,-0.21325765,0.3929532,0.59509342,-0.20214022,-0.01111743,White
OH-94,117317,-0.01568321,0.39664968,0.59437405,0.8646895,0.1353105,0.03848894,0.05820306,0.00077734,0.01538478,0.01781396,92624,-0.19772437,0.39953578,0.58783752,-0.18830174,-0.00942263,White
OH-95,117550,-0.01372828,0.4535665,0.53787391,0.88134399,0.11865601,0.06056055,0.01635456,0.00079753,0.02072544,0.01446949,96548,-0.08430741,0.45155417,0.53519834,-0.08364417,-0.000663239999999954,White
OH-96,118857,-0.00276225,0.64038366,0.35329701,0.74854642,0.25145358,0.13415543,0.02218176,0.00051115,0.08349839,0.00847656,93906,0.28708665,0.64338904,0.3478854,0.29550364,-0.00841699,White
OH-97,117994,-0.01000302,0.42359086,0.56869935,0.8350347,0.1649653,0.11335499,0.01634573,0.00082256,0.00862633,0.01936178,94826,-0.14510849,0.45465546,0.53273226,-0.0780768,-0.06703169,White
OH-98,119071,-0.00096674,0.56337999,0.42850409,0.6416913,0.3583087,0.26720861,0.06978463,0.00095017,0.00834037,0.01834882,94720,0.1348759,0.60576291,0.38193362,0.22382929,-0.08895339,White
OH-99,118929,-0.00215815,0.42730612,0.56578649,0.87558162,0.12441838,0.05929718,0.03183519,0.00092231,0.01602122,0.01385535,96497,-0.13848037,0.45665067,0.5314734,-0.07482273,-0.06365764,White
OR-01,70558,-0.00089114,0.49289631,0.47374543,0.50309631,0.49690369,0.02135383,0.37112962,0.02659523,0.04604663,0.04977384,51513,0.01915088,0.5119043,0.45695543,0.05494887,-0.03579799,White
OR-02,71009,0.00549507,0.50039821,0.46203123,0.65633032,0.34366968,0.02557275,0.23677447,0.01425639,0.0294928,0.04815,54081,0.03836698,0.51701955,0.4438511,0.07316845,-0.03480147,White
OR-03,71096,0.006727,0.56105553,0.40191388,0.75017299,0.24982701,0.02418253,0.12637723,0.01367919,0.0464844,0.04265209,56363,0.15914165,0.56000768,0.40113072,0.15887696,0.000264689999999956,White
OR-04,70406,-0.00304348,0.55721459,0.40314654,0.75079931,0.24920069,0.01833336,0.14178787,0.00999834,0.04263616,0.03890296,54109,0.15406805,0.56453225,0.39877521,0.16575704,-0.01168899,White
OR-05,70690,0.00097799,0.61684405,0.3477922,0.81380464,0.18619536,0.01387632,0.09496663,0.00592261,0.02737715,0.03710594,58589,0.26905185,0.63696721,0.33375632,0.30321089,-0.03415904,White
OR-06,69649,-0.01376268,0.45446244,0.51278461,0.75189822,0.24810178,0.01842661,0.14063484,0.00959295,0.03166784,0.04452017,53998,-0.05832217,0.46383425,0.50249419,-0.03865994,-0.01966223,White
OR-07,70689,0.00096383,0.50827377,0.45677078,0.84065819,0.15934181,0.0098903,0.07518718,0.00607696,0.02176563,0.03808114,57430,0.05150299,0.5100434,0.4594351,0.0506083,0.00089468999999992,White
OR-08,70392,-0.00324172,0.42766062,0.53345477,0.84991305,0.15008695,0.01082806,0.05290332,0.00516305,0.03036876,0.04422653,55781,-0.10579415,0.44477991,0.51812672,-0.07334681,-0.03244734,White
OR-09,70361,-0.00368068,0.49546928,0.46473799,0.7580607,0.2419393,0.01212518,0.15892002,0.00626286,0.02949369,0.03823256,54927,0.03073129,0.50308232,0.4580964,0.04498592,-0.01425463,White
OR-10,71828,0.01709219,0.37097039,0.59255531,0.81607405,0.18392595,0.01222987,0.08097202,0.00368135,0.02024743,0.05959187,56501,-0.22158492,0.38258291,0.58477798,-0.20219507,-0.01938985,White
OR-11,70095,-0.00744727,0.53483998,0.42548564,0.63303044,0.36696956,0.02069778,0.25145838,0.00899334,0.05936355,0.0378057,53484,0.10935434,0.54224471,0.41966113,0.12258358,-0.01322924,White
OR-12,70964,0.00485786,0.6241394,0.33001279,0.59690093,0.40309907,0.02783286,0.20613938,0.01029963,0.13723654,0.03469927,54468,0.29412661,0.62639559,0.33314297,0.29325262,0.000873989999999991,White
OR-13,71173,0.00781732,0.7045085,0.25276173,0.57628811,0.42371189,0.02687553,0.07379252,0.00794748,0.29691699,0.01890885,52092,0.45174677,0.71302616,0.25645997,0.45656619,-0.00481942,White
OR-14,70627,0.0000859,0.73392513,0.22531418,0.587922,0.412078,0.04520051,0.16054941,0.01137021,0.17572137,0.02895986,57079,0.50861095,0.73977651,0.22443023,0.51534628,-0.00673532999999993,White
OR-15,71318,0.00987054,0.64481263,0.31405734,0.57438408,0.42561592,0.04259616,0.19922486,0.01432003,0.14904109,0.03586375,54958,0.33075529,0.65847742,0.3039235,0.35455392,-0.02379863,White
OR-16,70215,-0.00574806,0.68600469,0.27126819,0.65768719,0.34231281,0.03691966,0.14181374,0.01027266,0.13223321,0.02879624,54903,0.4147365,0.69663036,0.27013132,0.42649904,-0.01176254,White
OR-17,69472,-0.01626902,0.71232062,0.2501616,0.73683928,0.26316072,0.02842322,0.11238709,0.01098292,0.08661122,0.02727842,55905,0.46215902,0.71706429,0.24990419,0.4671601,-0.0050010800000001,White
OR-18,71136,0.0072934,0.62264392,0.3349275,0.74403602,0.25596398,0.02361698,0.10420879,0.0131961,0.09358574,0.02646572,54410,0.28771642,0.62044272,0.34556671,0.27487601,0.01284041,White
OR-19,69893,-0.01030761,0.51812476,0.44574586,0.62988103,0.37011897,0.01350001,0.28879839,0.00529819,0.03865226,0.04504403,53037,0.0723789,0.53610327,0.43439175,0.10171152,-0.02933262,White
OR-20,70822,0.00284713,0.34046732,0.6244083,0.79150858,0.20849142,0.0072736,0.13760619,0.00405323,0.01660158,0.04106902,54031,-0.28394098,0.35943114,0.60945609,-0.25002495,-0.03391603,White
OR-21,70693,0.00102047,0.53949735,0.4198489,0.79311026,0.20688974,0.01533049,0.10686461,0.00610347,0.03619,0.04162927,55706,0.11964845,0.5315516,0.42561247,0.10593913,0.01370932,White
OR-22,69059,-0.02211714,0.70626946,0.25048475,0.76398841,0.23601159,0.01760092,0.07511308,0.00770781,0.10362352,0.02761261,59031,0.45578471,0.71423436,0.24652989,0.46770447,-0.01191976,White
OR-23,71619,0.01413273,0.8627724,0.09758865,0.735369,0.264631,0.04747611,0.0766124,0.00520179,0.10574868,0.02830337,63632,0.76518375,0.86514707,0.10704797,0.7580991,0.00708465,White
OR-24,70366,-0.00360988,0.85175441,0.11308943,0.79356444,0.20643556,0.03308735,0.0601167,0.00624678,0.07825639,0.02529604,58270,0.73866498,0.84652257,0.12578438,0.72073819,0.01792679,White
OR-25,70247,-0.00529494,0.86088715,0.09008172,0.66713536,0.33286464,0.09374464,0.12738777,0.0153126,0.06756062,0.04031345,58318,0.77080543,0.87460438,0.09494835,0.77965603,-0.00885059999999993,White
OR-26,70611,-0.00014066,0.90451373,0.04704514,0.70866064,0.29133936,0.11376077,0.08275315,0.00605269,0.06219716,0.03160297,60469,0.85746859,0.9245075,0.0533749,0.8711326,-0.01366401,White
OR-27,70248,-0.00528078,0.89022577,0.0637601,0.78238393,0.21761607,0.03045568,0.06768296,0.00594579,0.08210151,0.02642575,60547,0.82646567,0.90429725,0.0694335,0.83486375,-0.00839808,White
OR-28,70251,-0.0052383,0.85042493,0.10420002,0.7375586,0.2624414,0.03423224,0.08309837,0.00712667,0.1051184,0.03111865,57811,0.74622491,0.85625222,0.11350728,0.74274494,0.00347997,White
OR-29,70882,0.00369673,0.86125635,0.09744639,0.71103766,0.28896234,0.07408889,0.09338088,0.00674959,0.08569192,0.03440898,57485,0.76380996,0.86353541,0.11087884,0.75265657,0.01115339,White
OR-30,71061,0.00623139,0.66503336,0.29573515,0.59299931,0.40700069,0.10150819,0.14812664,0.01680657,0.11451349,0.04063495,56823,0.36929821,0.65319136,0.3170607,0.33613066,0.03316755,White
OR-31,70731,0.00155856,0.68674371,0.26769386,0.57182803,0.42817197,0.07756287,0.13054784,0.01298354,0.17991736,0.04007267,56148,0.41904985,0.69586137,0.27007988,0.42578149,-0.00673164,White
OR-32,70863,0.00342769,0.59897515,0.36164461,0.55018296,0.44981704,0.08873497,0.16548428,0.01704503,0.15299455,0.04008289,53564,0.23733054,0.60131525,0.3661118,0.23520345,0.00212709000000005,White
OR-33,70468,-0.00216555,0.54765337,0.41420285,0.66349621,0.33650379,0.05590919,0.17992494,0.01223416,0.06161233,0.0438958,54356,0.13345052,0.56223793,0.40345239,0.15878554,-0.02533502,White
OR-34,70381,-0.00339748,0.5508373,0.41149099,0.7289102,0.2710898,0.01769748,0.17151373,0.00738629,0.03902331,0.03548751,54019,0.13934631,0.56110526,0.40560526,0.1555,-0.01615369,White
OR-35,70795,0.0024648,0.5537016,0.41264956,0.83346354,0.16653646,0.00856036,0.06525822,0.00480378,0.02162531,0.05942388,60161,0.14105204,0.54389476,0.42853609,0.11535867,0.02569337,White
OR-36,69632,-0.0140034,0.52954615,0.43272333,0.8372568,0.1627432,0.01365151,0.07022824,0.00498047,0.02570855,0.04451969,55818,0.09682282,0.53548491,0.43161761,0.1038673,-0.00704448,White
OR-37,70463,-0.00223635,0.6431499,0.31552397,0.81649904,0.18350096,0.02177101,0.07600876,0.00705574,0.04045405,0.03595149,57967,0.32762593,0.63274297,0.33255417,0.3001888,0.02743713,White
OR-38,70770,0.0021108,0.55166312,0.4100423,0.67193238,0.32806762,0.03259084,0.10834702,0.01005776,0.15249045,0.03070847,54187,0.14162082,0.56654043,0.40416854,0.16237189,-0.02075107,White
OR-39,70485,-0.00192483,0.55408497,0.40734089,0.83099912,0.16900088,0.01646817,0.06484341,0.00477871,0.04457065,0.03089619,54408,0.14674408,0.56018475,0.40648036,0.15370439,-0.00696031,White
OR-40,71123,0.00710932,0.68122701,0.28132543,0.79701831,0.20298169,0.0169586,0.0730137,0.00744524,0.08153796,0.0205913,55606,0.39990158,0.67899022,0.29092794,0.38806228,0.0118393,White
OR-41,70867,0.00348433,0.37948048,0.58573456,0.85742323,0.14257677,0.00892108,0.06137706,0.0041037,0.02840473,0.03525612,56047,-0.20625408,0.39851496,0.568964,-0.17044904,-0.03580504,White
OR-42,69892,-0.01032177,0.35156329,0.61364095,0.80064095,0.19935905,0.00694368,0.11717685,0.00633588,0.01854717,0.04549306,54294,-0.26207766,0.37374254,0.59590793,-0.22216539,-0.03991227,White
OR-43,70591,-0.00042386,0.71562337,0.24460094,0.77871788,0.22128212,0.02568108,0.0992487,0.00740767,0.04542901,0.04507794,56968,0.47102243,0.72165123,0.24347658,0.47817465,-0.00715222,White
OR-44,69722,-0.01272899,0.80386619,0.15295299,0.75510337,0.24489663,0.03521081,0.08814911,0.0077161,0.08276087,0.03423409,61430,0.6509132,0.81100006,0.15297306,0.658027,-0.00711380000000006,White
OR-45,69918,-0.00995361,0.60321467,0.35719979,0.78290752,0.21709248,0.02281396,0.10395826,0.00759266,0.03675783,0.04650954,55580,0.24601488,0.60554806,0.35761775,0.24793031,-0.00191543000000011,White
OR-46,71134,0.00726508,0.43611834,0.52729845,0.83927208,0.16072792,0.01083,0.06861962,0.00514869,0.01915668,0.05003107,56325,-0.09118011,0.44850005,0.5175806,-0.06908055,-0.02209956,White
OR-47,71219,0.00846869,0.3833589,0.58427914,0.84906047,0.15093953,0.00815797,0.05369242,0.0051542,0.01868824,0.0599901,58593,-0.20092024,0.38371265,0.58908448,-0.20537183,0.00445159,White
OR-48,71399,0.01101751,0.35856047,0.60932426,0.848033,0.151967,0.00892631,0.06388734,0.00390526,0.01764974,0.05039644,59151,-0.25076379,0.37092002,0.60268146,-0.23176144,-0.01900235,White
OR-49,70999,0.00535346,0.30144912,0.67100188,0.80346967,0.19653033,0.00969627,0.10980662,0.00492049,0.01841567,0.04739594,55279,-0.36955276,0.31298014,0.65912538,-0.34614524,-0.02340752,White
OR-50,70383,-0.00336916,0.31691126,0.65338149,0.85343408,0.14656592,0.00977453,0.05956569,0.00436734,0.01783331,0.05074435,57701,-0.33647023,0.32725624,0.64351001,-0.31625377,-0.02021646,White
OR-51,70248,-0.00528078,0.30044075,0.67006674,0.85955592,0.14044408,0.0070425,0.04942107,0.0046597,0.01990963,0.04963287,56656,-0.36962599,0.29865756,0.67219297,-0.37353541,0.00390942,White
OR-52,70161,-0.00651271,0.30398472,0.66577357,0.79606818,0.20393182,0.01331049,0.09257823,0.00481558,0.02084949,0.06779692,55445,-0.36178885,0.30727899,0.66246887,-0.35518988,-0.00659897,White
OR-53,71293,0.00951654,0.59905567,0.36637751,0.86423922,0.13576078,0.0087311,0.06304241,0.00460176,0.02566839,0.02519597,57152,0.23267816,0.58169377,0.38800717,0.1936866,0.03899156,White
OR-54,70798,0.00250728,0.59385253,0.3707693,0.85530076,0.14469924,0.00784971,0.07147645,0.00460399,0.02487211,0.02778268,56690,0.22308323,0.58702353,0.38482244,0.20220109,0.02088214,White
OR-55,70049,-0.00809864,0.21359954,0.75706929,0.75217534,0.24782466,0.0134343,0.15775294,0.0039866,0.01576437,0.05624932,54934,-0.54346975,0.22933556,0.74475635,-0.51542079,-0.02804896,White
OR-56,70666,0.00063815,0.31987916,0.64753315,0.85157445,0.14842555,0.00752535,0.06998755,0.00507027,0.01529977,0.04210994,56210,-0.32765399,0.31675051,0.65690796,-0.34015745,0.01250346,White
OR-57,71406,0.01111663,0.29990518,0.66774132,0.66022589,0.33977411,0.01515915,0.26287688,0.00324839,0.01515915,0.04609353,53565,-0.36783614,0.32477139,0.64214557,-0.31737418,-0.05046196,White
OR-58,71110,0.00692524,0.26855024,0.69744311,0.81790964,0.18209036,0.00883759,0.08868248,0.00890973,0.01101993,0.05872486,55445,-0.42889287,0.27686826,0.69724153,-0.42037327,-0.0085196,White
OR-59,70443,-0.00251956,0.30210608,0.66674197,0.79768326,0.20231674,0.0081629,0.09368326,0.00434389,0.01342986,0.08170136,55250,-0.36463589,0.31982305,0.65181814,-0.33199509,-0.0326408,White
OR-60,71817,0.01693643,0.3497882,0.61421776,0.85130112,0.14869888,0.00999071,0.06571704,0.00452173,0.01962396,0.04160709,55952,-0.26442956,0.35584755,0.61159474,-0.25574719,-0.00868236999999994,White
TX-001,192455,-0.00951279,0.33911719,0.64881084,0.59240056,0.40759944,0.1306744,0.23805538,0.00201441,0.01211485,0.03028003,140984,-0.30969365,0.32169113,0.66190165,-0.34021052,0.03051687,White
TX-002,201390,0.036472,0.80890141,0.17483488,0.09623254,0.90376746,0.54793247,0.34724862,0.00113745,0.00718536,0.02322759,144182,0.63406653,0.87300213,0.11558642,0.75741571,-0.12334918,Black
TX-003,200759,0.03322451,0.80534421,0.17943873,0.09775897,0.90224103,0.52156398,0.36390657,0.00134733,0.01383209,0.02491537,147700,0.62590548,0.85974133,0.12943905,0.73030228,-0.1043968,Black
TX-004,200785,0.03335832,0.67253553,0.31154935,0.21019156,0.78980844,0.37646773,0.35890563,0.00179605,0.04750748,0.02959427,148103,0.36098618,0.71146245,0.27574339,0.43571906,-0.07473288,Black
TX-005,200610,0.03245766,0.66709268,0.31889985,0.13850907,0.86149093,0.22169211,0.62652775,0.00144422,0.00942698,0.0370397,139175,0.34819283,0.74042886,0.24588165,0.49454721,-0.14635438,Hispanic
TX-006,201387,0.03645657,0.63632894,0.34529166,0.18628486,0.81371514,0.11099836,0.66539487,0.00125827,0.02959641,0.03618541,147822,0.29103728,0.70775518,0.27732888,0.4304263,-0.13938902,Hispanic
TX-007,201335,0.03618894,0.54909621,0.41605421,0.23719669,0.76280331,0.09510358,0.59890893,0.00199471,0.0599083,0.03540279,149395,0.133042,0.63071096,0.35388227,0.27682869,-0.14378669,Hispanic
TX-008,201432,0.03668816,0.53079649,0.42751922,0.32921787,0.67078213,0.1388613,0.20219016,0.00191493,0.31764393,0.02117453,154053,0.10327727,0.59189096,0.3928181,0.19907286,-0.09579559,Minority
TX-009,201026,0.03459865,0.58465289,0.39734798,0.22503661,0.77496339,0.15709247,0.56061825,0.00148512,0.04817695,0.03736859,145443,0.18730491,0.63771889,0.34621408,0.29150481,-0.1041999,Hispanic
TX-010,201109,0.03502581,0.51037695,0.47232594,0.38084956,0.61915044,0.23699059,0.28186838,0.00173147,0.08404642,0.03015697,149584,0.03805101,0.54206032,0.44467009,0.09739023,-0.05933922,Minority
TX-011,201943,0.03931807,0.49761553,0.46598676,0.46477084,0.53522916,0.14161241,0.203964,0.00179369,0.17213073,0.02497128,156660,0.03162877,0.53999006,0.44238034,0.09760972,-0.06598095,Minority
TX-012,199032,0.02433634,0.54515293,0.43202148,0.52596114,0.47403886,0.16009419,0.22742217,0.00161572,0.07263231,0.02260757,159681,0.11313145,0.57216985,0.4131926,0.15897725,-0.0458458,White
TX-013,201697,0.03805201,0.59591777,0.37998452,0.51586674,0.48413326,0.19470854,0.21015472,0.00189891,0.06378559,0.02529121,156932,0.21593325,0.63632904,0.34627093,0.29005811,-0.07412486,White
TX-014,201034,0.03463982,0.53557711,0.44356921,0.59151098,0.40848902,0.12435576,0.19771294,0.00145529,0.07126915,0.02190419,173848,0.0920079,0.58978001,0.39631869,0.19346132,-0.10145342,White
TX-015,192200,-0.01082517,0.61675904,0.36652988,0.267421,0.732579,0.34611934,0.24202743,0.00256106,0.13673458,0.02422879,138224,0.25022916,0.65565065,0.33234398,0.32330667,-0.07307751,Black
TX-016,192111,-0.01128322,0.57175649,0.40982036,0.31891821,0.68108179,0.24930039,0.34199155,0.00243491,0.08054405,0.03030947,145796,0.16193613,0.60479782,0.37890214,0.22589568,-0.06395955,Hispanic
TX-017,192522,-0.00916797,0.54119166,0.43908087,0.40672057,0.59327943,0.26515994,0.20193586,0.01080527,0.10302656,0.02582956,147428,0.10211079,0.57926779,0.40438777,0.17488002,-0.07276923,Minority
TX-018,190857,-0.01773704,0.60957732,0.37754684,0.19797378,0.80202622,0.1513013,0.61110208,0.00130795,0.03205592,0.0276813,135326,0.23203048,0.67410527,0.30966504,0.36444023,-0.13240975,Hispanic
TX-019,191101,-0.01648127,0.66502097,0.32253953,0.25663056,0.74336944,0.38146199,0.30772466,0.00196488,0.04762837,0.02429634,137922,0.34248144,0.70058476,0.28537485,0.41520991,-0.07272847,Black
TX-020,191898,-0.01237944,0.50600549,0.47980105,0.50908983,0.49091017,0.12191377,0.31844389,0.00194382,0.0347845,0.02432082,151763,0.02620444,0.53508058,0.44758968,0.0874909,-0.06128646,White
TX-021,193142,-0.00597708,0.40636907,0.57762775,0.63547192,0.36452808,0.12855282,0.15985836,0.00223853,0.05069937,0.03091888,147418,-0.17125868,0.40699076,0.57761865,-0.17062789,-0.000630789999999992,White
TX-022,191942,-0.01215299,0.35516418,0.63271975,0.64805253,0.35194747,0.08677252,0.19733852,0.00248775,0.04041555,0.03195858,143905,-0.27755557,0.35172731,0.63129454,-0.27956723,0.00201165999999992,White
TX-023,192223,-0.0107068,0.39061839,0.59639923,0.56177445,0.43822555,0.11104479,0.20567609,0.00371542,0.09930914,0.03006655,134036,-0.20578084,0.41229559,0.56973975,-0.15744416,-0.04833668,White
TX-024,191616,-0.01383078,0.40131364,0.5849101,0.58193653,0.41806347,0.09883475,0.22029835,0.00466511,0.0708236,0.03316804,146406,-0.18359646,0.40668831,0.57456819,-0.16787988,-0.01571658,White
TX-025,191028,-0.01685697,0.34384349,0.64135224,0.74058098,0.25941902,0.03932877,0.10861187,0.00213959,0.08443856,0.02493451,145822,-0.29750875,0.35340204,0.63140317,-0.27800113,-0.01950762,White
TX-026,197697,0.01746564,0.3438202,0.64069466,0.57521505,0.42478495,0.05146809,0.28626428,0.00169948,0.06473057,0.02838131,152988,-0.29687446,0.35418315,0.63025191,-0.27606876,-0.0208057,White
TX-027,196830,0.01300355,0.49666732,0.48540122,0.24401587,0.75598413,0.17334838,0.46299412,0.00181234,0.11646834,0.02434687,146220,0.0112661,0.55154289,0.43526993,0.11627296,-0.10500686,Hispanic
TX-028,196939,0.01356453,0.58391393,0.40184426,0.0951834,0.9048166,0.06933621,0.81439271,0.00087349,0.02138342,0.03010461,145393,0.18206967,0.66841576,0.31872279,0.34969297,-0.1676233,Hispanic
TX-029,197497,0.01643633,0.52468512,0.46567034,0.13386277,0.86613723,0.11675141,0.73558818,0.00127835,0.0130549,0.02958064,140024,0.05901478,0.60452179,0.38456601,0.21995578,-0.160941,Hispanic
TX-030,200280,0.03075929,0.4782797,0.51192244,0.25666236,0.74333764,0.19682298,0.51418643,0.00169517,0.02413494,0.02999032,141579,-0.03364274,0.52256011,0.46518111,0.057379,-0.09102174,Hispanic
TX-031,197580,0.01686349,0.36466636,0.62413811,0.59415361,0.40584639,0.13110216,0.21223249,0.00278896,0.04088162,0.0261022,143781,-0.25947175,0.35432436,0.63251568,-0.27819132,0.01871957,White
TX-032,195798,0.00769227,0.83811788,0.1480318,0.14599856,0.85400144,0.52422294,0.27623136,0.00218809,0.05540797,0.01744693,155844,0.69008608,0.87848302,0.10991749,0.76856553,-0.07847945,Black
TX-033,196442,0.01100667,0.83124149,0.1548129,0.09004073,0.90995927,0.52413313,0.31499733,0.00137132,0.07471983,0.02200185,148033,0.67642859,0.88257795,0.10754793,0.77503002,-0.09860143,Black
TX-034,198061,0.019339,0.66193011,0.32636659,0.13736168,0.86263832,0.37834773,0.44765695,0.00631266,0.03364343,0.02843585,138452,0.33556352,0.71660735,0.27109164,0.44551571,-0.10995219,Hispanic
TX-035,197014,0.01395052,0.71508932,0.27045445,0.09263361,0.90736639,0.44279446,0.4043823,0.00201761,0.06165698,0.02616542,141752,0.44463487,0.77830944,0.21103561,0.56727383,-0.12263896,Black
TX-036,197680,0.01737815,0.59964142,0.39013895,0.07444238,0.92555762,0.11740287,0.79634635,0.00137657,0.0125397,0.03452182,139477,0.20950247,0.69940051,0.2898295,0.40957101,-0.20006854,Hispanic
TX-037,196316,0.0103582,0.55653659,0.4276998,0.19667125,0.80332875,0.1482047,0.58522582,0.00145089,0.06716227,0.03525657,144739,0.12883679,0.60086587,0.38472201,0.21614386,-0.08730707,Hispanic
TX-038,194006,-0.00153042,0.64092697,0.34011667,0.4256651,0.5743349,0.20194539,0.22824591,0.00167287,0.13569829,0.01830716,148248,0.3008103,0.65957664,0.32794219,0.33163445,-0.03082415,Minority
TX-039,195594,0.00664236,0.6481038,0.33083264,0.55963142,0.44036858,0.07232346,0.27099186,0.00200528,0.08186522,0.02237314,165064,0.31727116,0.66350873,0.318219,0.34528973,-0.02801857,White
TX-040,199939,0.0290043,0.46041611,0.51906785,0.53850888,0.46149112,0.09106855,0.23686931,0.001354,0.12254896,0.02211937,162482,-0.05865174,0.48569704,0.5016153,-0.01591826,-0.04273348,White
TX-041,196290,0.01022439,0.5775435,0.40164877,0.11283994,0.88716006,0.19146454,0.5827566,0.00177439,0.11800052,0.02862354,141457,0.17589473,0.66284302,0.32454528,0.33829774,-0.16240301,Hispanic
TX-042,199286,0.02564358,0.56588144,0.41616266,0.10031448,0.89968552,0.27513192,0.40462262,0.00153243,0.22106364,0.02349288,150088,0.14971878,0.64505595,0.34512852,0.29992743,-0.15020865,Hispanic
TX-043,193958,-0.00177746,0.51038789,0.46857684,0.37037212,0.62962788,0.22215843,0.27831103,0.00190485,0.12218072,0.02156806,148043,0.04181105,0.54714917,0.43868434,0.10846483,-0.06665378,Minority
TX-044,193610,-0.00356847,0.54087277,0.43734207,0.20467029,0.79532971,0.22525368,0.46966697,0.0019586,0.09902865,0.03176404,138364,0.1035307,0.62071255,0.36506883,0.25564372,-0.15211302,Hispanic
TX-045,196933,0.01353365,0.48155426,0.50102682,0.30296688,0.69703312,0.18560224,0.35635335,0.00185221,0.14772887,0.02708775,149551,-0.01947256,0.51705687,0.46934347,0.0477134,-0.06718596,Hispanic
TX-046,199550,0.02700228,0.38380792,0.59683034,0.48605465,0.51394535,0.11728365,0.2847595,0.00193233,0.0972608,0.02645012,144385,-0.21302242,0.39306724,0.59146045,-0.19839321,-0.01462921,Minority
TX-047,199853,0.02856169,0.40179939,0.58109095,0.48718249,0.51281751,0.13775809,0.22621648,0.00200478,0.1328667,0.02324444,145153,-0.17929156,0.41050816,0.57562132,-0.16511316,-0.0141784,Minority
TX-048,194556,0.0013002,0.34445962,0.63682985,0.56646174,0.43353826,0.10501482,0.21336066,0.00195072,0.09699364,0.02540863,141999,-0.29237023,0.35435544,0.63133843,-0.27698299,-0.01538724,White
TX-049,199436,0.02641557,0.42822852,0.55508849,0.45584701,0.54415299,0.16953874,0.27606713,0.00313379,0.08343802,0.02930333,146468,-0.12685997,0.43370821,0.55198905,-0.11828084,-0.00857913,Minority
TX-050,193409,-0.00460294,0.21532136,0.77839137,0.66584216,0.33415784,0.16416537,0.13667002,0.00107341,0.01066745,0.0250285,149989,-0.56307001,0.24118247,0.7488425,-0.50766003,-0.05540998,White
TX-051,193078,-0.00630646,0.26841688,0.72334732,0.60743275,0.39256725,0.20923712,0.14432226,0.00115173,0.01408122,0.0275386,145868,-0.45493044,0.29220453,0.69446196,-0.40225743,-0.05267301,White
TX-052,185879,-0.04335677,0.22688508,0.76619634,0.6434405,0.3565595,0.20258157,0.11290503,0.00150335,0.01126463,0.03181507,143014,-0.53931126,0.26131804,0.72834162,-0.46702358,-0.07228768,White
TX-053,190936,-0.01733046,0.198631,0.79336404,0.72498995,0.27501005,0.09716458,0.12350853,0.00206472,0.01282444,0.04203038,146751,-0.59473304,0.21152013,0.77611479,-0.56459466,-0.03013838,White
TX-054,188889,-0.02786553,0.16317149,0.8294881,0.75571393,0.24428607,0.07723112,0.12345262,0.00121309,0.00907061,0.03340823,145084,-0.66631661,0.17766812,0.81162497,-0.63395685,-0.03235976,White
TX-055,189935,-0.0224822,0.29319124,0.6941272,0.59549159,0.40450841,0.18753534,0.17207519,0.00131018,0.02410046,0.02556924,145018,-0.40093596,0.31958469,0.66637309,-0.3467884,-0.05414756,White
TX-056,184670,-0.049579,0.22289517,0.76867932,0.34954487,0.65045513,0.05295386,0.56681738,0.00238045,0.01732192,0.02483007,133588,-0.54578415,0.24578972,0.74272055,-0.49693083,-0.04885332,Hispanic
TX-057,195201,0.00461975,0.22564944,0.76566762,0.6787398,0.3212602,0.01813861,0.26653607,0.00206821,0.01151648,0.02612885,155690,-0.54001818,0.23699329,0.75058777,-0.51359448,-0.0264237,White
TX-058,189174,-0.02639875,0.23381013,0.75701379,0.54307216,0.45692784,0.03386883,0.38860128,0.00223236,0.01656464,0.02648013,146034,-0.52320366,0.25678103,0.73107745,-0.47429642,-0.04890724,White
TX-059,186588,-0.03970784,0.18658031,0.80241437,0.47813303,0.52186697,0.06678961,0.41149895,0.0018886,0.02461839,0.02638849,135021,-0.61583406,0.20305217,0.78211775,-0.57906558,-0.03676848,Minority
TX-060,191538,-0.01423221,0.16827632,0.82401489,0.4153453,0.5846547,0.03503982,0.53214957,0.00136869,0.00580236,0.02309294,137358,-0.65573857,0.19285873,0.79554652,-0.60268779,-0.05305078,Hispanic
TX-061,192837,-0.00754679,0.20323536,0.78731184,0.49405005,0.50594995,0.07832698,0.36395285,0.00113232,0.03804875,0.03707819,142186,-0.58407648,0.22178177,0.76172983,-0.53994806,-0.04412842,Minority
TX-062,187803,-0.03345473,0.17113437,0.81980436,0.71528017,0.28471983,0.0372293,0.19744172,0.00122224,0.01916958,0.03327456,142361,-0.64866999,0.17399135,0.81060695,-0.6366156,-0.01205439,White
TX-063,192963,-0.00689832,0.25657973,0.73286443,0.64256442,0.35743558,0.04923931,0.25332374,0.00125411,0.03246985,0.02735746,145920,-0.4762847,0.27213587,0.71210009,-0.43996422,-0.03632048,White
TX-064,192046,-0.01161774,0.30626613,0.68369121,0.40895897,0.59104103,0.11804215,0.42500439,0.00172132,0.03392016,0.02719688,148142,-0.37742508,0.35673384,0.62907721,-0.27234337,-0.10508171,Hispanic
TX-065,190293,-0.02063972,0.21694587,0.77322595,0.64730328,0.35269672,0.07785558,0.22888037,0.00257061,0.02297694,0.0301581,145102,-0.55628008,0.23289521,0.74980278,-0.51690757,-0.03937251,White
TX-066,190819,-0.01793261,0.21161462,0.77929251,0.69083357,0.30916643,0.09052474,0.16415153,0.00258931,0.02413319,0.03498941,148302,-0.56767789,0.22349168,0.76146188,-0.5379702,-0.02970769,White
TX-067,185732,-0.04411332,0.16118842,0.83034407,0.8070541,0.1929459,0.01798021,0.12530672,0.00182789,0.01120207,0.03470864,140599,-0.66915565,0.16869712,0.81804903,-0.64935191,-0.01980374,White
TX-068,194269,-0.00017687,0.14496185,0.84689292,0.76164556,0.23835444,0.03828454,0.16298924,0.00193526,0.00946272,0.02888654,154501,-0.70193107,0.15487941,0.8323582,-0.67747879,-0.02445228,White
TX-069,186811,-0.03856015,0.42221753,0.56415208,0.50134054,0.49865946,0.18187704,0.26938856,0.00193516,0.03112443,0.02827447,142107,-0.14193455,0.46327349,0.51778378,-0.05451029,-0.08742426,White
TX-070,188087,-0.0319931,0.18442387,0.8073279,0.72495605,0.27504395,0.08682732,0.15137036,0.00118592,0.00954942,0.02792429,145035,-0.62290403,0.20082253,0.78697664,-0.58615411,-0.03674992,White
TX-071,201080,0.03487656,0.52415462,0.46374414,0.21139716,0.78860284,0.08427768,0.67080908,0.00405528,0.03148844,0.03081727,141544,0.06041048,0.58276228,0.40105524,0.18170704,-0.12129656,Hispanic
TX-072,201842,0.03879826,0.53275303,0.45356834,0.30349372,0.69650628,0.10630534,0.52626768,0.00494523,0.06084335,0.02936442,146606,0.07918469,0.57599669,0.40764279,0.1683539,-0.08916921,Hispanic
TX-073,200671,0.03277161,0.5390257,0.44711532,0.29122499,0.70877501,0.21277479,0.45042653,0.00584819,0.04354486,0.03202549,146883,0.09191038,0.57642614,0.40662705,0.16979909,-0.07788871,Hispanic
TX-074,200555,0.0321746,0.5617523,0.42244737,0.33436772,0.66563228,0.07664128,0.50120224,0.00315352,0.08266507,0.02889784,158870,0.13930493,0.5915335,0.39132028,0.20021322,-0.06090829,Hispanic
TX-075,200982,0.0343722,0.41296169,0.57241064,0.51592525,0.48407475,0.06145981,0.32667073,0.00406933,0.083831,0.02447694,147690,-0.15944895,0.42662411,0.56008113,-0.13345702,-0.02599193,White
TX-076,200892,0.033909,0.49586168,0.48938068,0.43066584,0.56933416,0.09180186,0.42749609,0.00438936,0.03961226,0.03225643,157426,0.006481,0.51108856,0.47184096,0.0392476,-0.0327666,Minority
TX-077,201022,0.03457806,0.56616377,0.4169943,0.32048437,0.67951563,0.06544359,0.55480877,0.00306187,0.05413919,0.03049927,159053,0.14916947,0.5949647,0.38931372,0.20565098,-0.05648151,Hispanic
TX-078,200884,0.03386783,0.63771793,0.3437064,0.32192067,0.67807933,0.1313785,0.51418992,0.00304928,0.02887961,0.0293098,158070,0.29401153,0.67366028,0.31110795,0.36255233,-0.0685408,Hispanic
TX-079,200101,0.02983805,0.61805496,0.3702808,0.12522107,0.87477893,0.04462017,0.81837524,0.00203281,0.01257632,0.02601996,147579,0.24777416,0.69873306,0.28693002,0.41180304,-0.16402888,Hispanic
TX-080,201295,0.03598308,0.6695889,0.31819729,0.07738772,0.92261228,0.03762099,0.87653615,0.00168161,0.00939684,0.02837886,148667,0.35139161,0.74856682,0.2371472,0.51141962,-0.16002801,Hispanic
TX-081,191269,-0.01561664,0.56298192,0.42170744,0.46167494,0.53832506,0.06224648,0.41333099,0.01826357,0.04863514,0.02949801,147671,0.14127448,0.59314772,0.3851221,0.20802562,-0.06675114,Minority
TX-082,191742,-0.01318231,0.4364282,0.54581551,0.7441965,0.2558035,0.02605611,0.12877305,0.00215751,0.07273997,0.02551673,144611,-0.10938731,0.45381483,0.52846254,-0.07464771,-0.0347396,White
TX-083,191779,-0.01299188,0.73982847,0.23625087,0.29883476,0.70116524,0.11795328,0.5352673,0.00223202,0.04181502,0.03461321,148296,0.5035776,0.80967261,0.16738635,0.64228626,-0.13870866,Hispanic
TX-084,190796,-0.01805098,0.73431908,0.24209626,0.27303658,0.72696342,0.15036817,0.50878173,0.00192399,0.0636826,0.03565745,141373,0.49222282,0.77250638,0.20600986,0.56649652,-0.0742737,Hispanic
TX-085,191415,-0.01486524,0.66022187,0.31524036,0.41819349,0.58180651,0.154496,0.28734498,0.00312912,0.12867232,0.02799986,147965,0.34498151,0.68783744,0.28875037,0.39908707,-0.05410556,Minority
TX-086,191873,-0.0125081,0.79132469,0.18166813,0.62900868,0.37099132,0.07073032,0.17074482,0.0020421,0.11404336,0.01904952,165516,0.60965656,0.82072265,0.15806386,0.66265879,-0.05300223,White
TX-087,191867,-0.01253898,0.64645876,0.32783003,0.66912305,0.33087695,0.03329028,0.13298436,0.00208702,0.14468389,0.02007478,147100,0.31862873,0.65738958,0.32144361,0.33594597,-0.01731724,White
TX-088,190514,-0.01950232,0.75127849,0.22443275,0.57905957,0.42094043,0.05504104,0.28841053,0.00247678,0.05921082,0.02968379,159481,0.52684574,0.77829371,0.19929868,0.57899503,-0.05214929,White
TX-089,202623,0.04281775,0.37739671,0.60543216,0.69724183,0.30275817,0.04367818,0.18664277,0.00255084,0.04770065,0.02898143,152891,-0.22803545,0.37298611,0.60721676,-0.23423065,0.00619520000000007,White
TX-090,203025,0.04488668,0.52408161,0.45555986,0.49837056,0.50162944,0.11829509,0.28333232,0.00347568,0.08382962,0.02845586,147597,0.06852175,0.54539224,0.43012976,0.11526248,-0.04674073,Minority
TX-091,203369,0.04665711,0.5782645,0.39496324,0.5714061,0.4285939,0.06849899,0.18395747,0.00273996,0.15604659,0.02524302,152557,0.18330126,0.58965634,0.38498802,0.20466832,-0.02136706,White
TX-092,193311,-0.00510731,0.53636831,0.44865829,0.2038966,0.7961034,0.05981978,0.70113767,0.00390356,0.03419267,0.02662213,143715,0.08771002,0.6107411,0.37290042,0.23784068,-0.15013066,Hispanic
TX-093,193228,-0.00553447,0.6167726,0.36485521,0.1259893,0.8740107,0.03219264,0.82329392,0.00247077,0.01809473,0.02448305,151370,0.25191739,0.70362332,0.27967582,0.4239475,-0.17203011,Hispanic
TX-094,193538,-0.00393903,0.60723691,0.3789293,0.11362,0.88638,0.03726907,0.83182267,0.00291248,0.01767482,0.02301325,150044,0.22830761,0.69150561,0.29493778,0.39656783,-0.16826022,Hispanic
TX-095,193655,-0.00333688,0.51708744,0.47066437,0.10748874,0.89251126,0.04827316,0.82303857,0.00433781,0.0215836,0.02226138,132786,0.04642307,0.65178138,0.33147773,0.32030365,-0.27388058,Hispanic
TX-096,193275,-0.00529258,0.44562489,0.5416187,0.14420215,0.85579785,0.01536172,0.82769817,0.00146764,0.00834199,0.02496366,144450,-0.09599381,0.53980511,0.44487441,0.0949307,-0.19092451,Hispanic
TX-097,185351,-0.04607417,0.5746929,0.41118546,0.30604311,0.69395689,0.37965901,0.24068199,0.0221852,0.06398405,0.03306477,131439,0.16350744,0.61656077,0.35906186,0.25749891,-0.09399147,Black
TX-098,185296,-0.04635723,0.31132332,0.67419825,0.6104005,0.3895995,0.12490407,0.20992155,0.00526563,0.03184247,0.03289418,140724,-0.36287493,0.32567081,0.65436911,-0.3286983,-0.03417663,White
TX-099,186052,-0.04246641,0.52501278,0.45751429,0.36286099,0.63713901,0.23804592,0.25357291,0.00203426,0.13511954,0.02229554,135184,0.06749849,0.53022797,0.45534745,0.07488052,-0.00738203,Minority
TX-100,185979,-0.04284211,0.24726866,0.74353034,0.57014838,0.42985162,0.07925183,0.30837289,0.00102334,0.01940789,0.02890219,140716,-0.49626168,0.2637759,0.72063479,-0.45685889,-0.03940279,White
TX-101,188121,-0.03181811,0.53691771,0.45203351,0.24515196,0.75484804,0.05764167,0.66988727,0.00179659,0.01946075,0.02289621,145832,0.0848842,0.57957658,0.40425784,0.17531874,-0.09043454,Hispanic
TX-102,188887,-0.02787583,0.33862563,0.65214844,0.46559289,0.53440711,0.03085254,0.44763954,0.00222855,0.03823938,0.02495834,144040,-0.31352281,0.36635565,0.61892371,-0.25256806,-0.06095475,Minority
TX-103,192165,-0.0110053,0.44559927,0.54554903,0.1615983,0.8384017,0.01706964,0.80243709,0.00091266,0.01514449,0.01754736,140249,-0.09994976,0.51009123,0.47960621,0.03048502,-0.13043478,Hispanic
TX-104,191956,-0.01208094,0.49599438,0.49452841,0.05210684,0.94789316,0.0050693,0.9347584,0.0006593,0.00772848,0.01336185,136508,0.00146597,0.6176411,0.37066975,0.24697135,-0.24550538,Hispanic
TX-105,191860,-0.01257501,0.46701681,0.52449466,0.11352322,0.88647678,0.00663514,0.87013454,0.00082114,0.00821878,0.01448733,136395,-0.05747785,0.56449731,0.42547145,0.13902586,-0.19650371,Hispanic
TX-106,192067,-0.01150967,0.49414067,0.49651203,0.06530285,0.93469715,0.00345373,0.92587347,0.00031811,0.00383243,0.0135347,132031,-0.00237136,0.60305189,0.38550914,0.21754275,-0.21991411,Hispanic
TX-107,191511,-0.01437117,0.48277975,0.50653967,0.09064382,0.90935618,0.00953355,0.86978444,0.00058646,0.02771381,0.01691436,139822,-0.02375992,0.56723325,0.42318412,0.14404913,-0.16780905,Hispanic
TX-108,192150,-0.0110825,0.45425676,0.53861631,0.07442557,0.92557443,0.00472255,0.91539521,0.00041625,0.00538098,0.0145839,132132,-0.08435955,0.55035417,0.4406632,0.10969097,-0.19405052,Hispanic
TX-109,191631,-0.01375358,0.48752484,0.50346767,0.05838624,0.94161376,0.01360095,0.90863164,0.00030342,0.01822816,0.01535322,131829,-0.01594283,0.59282004,0.39815549,0.19466455,-0.21060738,Hispanic
TX-110,190988,-0.01706284,0.50131943,0.48915492,0.03767968,0.96232032,0.00520764,0.95108511,0.00047275,0.00615314,0.01197388,135378,0.01216451,0.62035304,0.36826469,0.25208835,-0.23992384,Hispanic
TX-111,191236,-0.01578648,0.43165547,0.56197874,0.06775092,0.93224908,0.01344863,0.90660633,0.00085874,0.00781081,0.01528559,133917,-0.13032327,0.55065056,0.4406947,0.10995586,-0.24027913,Hispanic
TX-112,195311,0.00518588,0.38650278,0.60746915,0.21121749,0.78878251,0.0118197,0.75463593,0.00122829,0.00863315,0.01646616,142474,-0.22096637,0.44204169,0.54701854,-0.10497685,-0.11598952,Hispanic
TX-113,195050,0.00384262,0.42823667,0.54775585,0.56087269,0.43912731,0.13468914,0.15594424,0.00245497,0.12827063,0.02479168,140531,-0.11951918,0.45632554,0.52399068,-0.06766514,-0.05185404,White
TX-114,194884,0.00298828,0.47182679,0.49367636,0.45283643,0.54716357,0.10211729,0.10282164,0.00204967,0.32368603,0.01742573,141974,-0.02184957,0.5275674,0.45701464,0.07055276,-0.09240233,Minority
TX-115,194575,0.00139799,0.51291666,0.4506724,0.50362176,0.49637824,0.12259448,0.1721638,0.00192822,0.18465286,0.02242829,157658,0.06224426,0.54519067,0.43638795,0.10880272,-0.04655846,White
TX-116,195695,0.00716217,0.48467513,0.47899803,0.53064009,0.46935991,0.10152356,0.12210786,0.00185043,0.22524549,0.02269136,148074,0.0056771,0.52120064,0.46008618,0.06111446,-0.05543736,White
TX-117,195824,0.00782608,0.31682162,0.663459,0.66919519,0.33080481,0.07980912,0.1619056,0.00190735,0.05965405,0.03244689,136839,-0.34663738,0.31340692,0.66857771,-0.35517079,0.00853341,White
TX-118,196256,0.01004941,0.3344138,0.63672233,0.61960837,0.38039163,0.10186261,0.15709937,0.00180345,0.0958535,0.03025227,140287,-0.30230853,0.36859693,0.61383825,-0.24524132,-0.05706721,White
TX-119,195361,0.00544321,0.5253015,0.45726373,0.39666218,0.60333782,0.18207455,0.25988007,0.0022917,0.1456253,0.0298053,151416,0.06803777,0.56634304,0.41732552,0.14901752,-0.08097975,Minority
TX-120,194975,0.00345662,0.44466136,0.53728288,0.54634069,0.45365931,0.10635567,0.14964722,0.00191482,0.1778561,0.0231027,144139,-0.09262152,0.47376714,0.51215825,-0.03839111,-0.05423041,White
TX-121,194719,0.00213909,0.53886561,0.44270164,0.52371341,0.47628659,0.16421505,0.21485749,0.00259301,0.074479,0.03258713,146162,0.09616397,0.55759967,0.42253664,0.13506303,-0.03889906,White
TX-122,194960,0.00337942,0.35982555,0.62594114,0.7216807,0.2783193,0.05105403,0.11794581,0.00170886,0.08217586,0.02793651,146296,-0.26611559,0.37021965,0.61410886,-0.24388921,-0.02222638,White
TX-123,195039,0.003786,0.23774489,0.75223789,0.73335724,0.26664276,0.04109984,0.15543557,0.00197555,0.03320468,0.03698704,142239,-0.514493,0.24184888,0.74392156,-0.50207268,-0.01242032,White
TX-124,186947,-0.03786021,0.59416948,0.3943375,0.29515486,0.70484514,0.43589384,0.21871844,0.00103103,0.04322607,0.01836915,142576,0.19983198,0.63146294,0.35739026,0.27407268,-0.0742407,Black
TX-125,187367,-0.03569864,0.17231,0.82065447,0.75468666,0.24531334,0.09398473,0.1028934,0.0008734,0.02372851,0.02358177,143119,-0.64834447,0.18435026,0.80370245,-0.61935219,-0.02899228,White
TX-126,192359,-0.01000686,0.33615052,0.65155339,0.51677618,0.48322382,0.08412928,0.35514411,0.00384855,0.02709379,0.02845127,142911,-0.31540287,0.3600843,0.62268017,-0.26259587,-0.052807,White
TX-127,194118,-0.00095401,0.25675998,0.73293492,0.71136958,0.28863042,0.02648813,0.21738961,0.00207699,0.01716763,0.02942837,154069,-0.47617494,0.26788122,0.71792755,-0.45004633,-0.02612861,White
TX-128,189132,-0.02661491,0.23189044,0.75656026,0.70343355,0.29656645,0.04167938,0.2026282,0.00521524,0.0142621,0.03632222,140933,-0.52466982,0.22385345,0.76301156,-0.53915811,0.01448829,White
TX-129,198482,0.02150572,0.29081244,0.69588242,0.66054419,0.33945581,0.06015886,0.19952679,0.00169005,0.05478452,0.02642555,147925,-0.40506998,0.29996716,0.68257466,-0.3826075,-0.02246248,White
TX-130,198770,0.02298794,0.37755782,0.61222844,0.5217434,0.4782566,0.18854957,0.24472927,0.00183756,0.02559508,0.02713837,152920,-0.23467062,0.41804619,0.56707073,-0.14902454,-0.08564608,White
TX-131,197176,0.01478427,0.19796075,0.7927038,0.75540736,0.24459264,0.05116624,0.12983616,0.00135763,0.01509292,0.04782845,150998,-0.59474305,0.21280711,0.77342654,-0.56061943,-0.03412362,White
TX-132,196401,0.01079566,0.21380924,0.77663719,0.67921286,0.32078714,0.08793748,0.18039791,0.00714323,0.02222632,0.03150923,151892,-0.56282795,0.22983468,0.75469692,-0.52486224,-0.03796571,White
TX-133,193413,-0.00458235,0.29401375,0.69696191,0.66429456,0.33570544,0.11730626,0.17323949,0.00140063,0.01619213,0.03245499,141365,-0.40294816,0.267609,0.72150052,-0.45389152,0.05094336,White
TX-134,194250,-0.00027466,0.18793996,0.80399515,0.70919558,0.29080442,0.07856995,0.16896116,0.00437948,0.0089395,0.03274918,149561,-0.61605519,0.20712591,0.78203085,-0.57490494,-0.04115025,White
TX-135,194729,0.00219056,0.20877037,0.78316121,0.61081915,0.38918085,0.16815454,0.19087849,0.000918,0.01025771,0.02442026,150326,-0.57439084,0.23590023,0.75353687,-0.51763664,-0.0567542,White
TX-136,190294,-0.02063457,0.2680188,0.72360778,0.42347217,0.57652783,0.05450373,0.49565445,0.00104073,0.01326754,0.02188282,145091,-0.45558898,0.29846102,0.68888235,-0.39042133,-0.06516765,Hispanic
TX-137,191451,-0.01467997,0.19826076,0.79493779,0.59585974,0.40414026,0.05940661,0.3157114,0.00116655,0.01279838,0.02169252,148300,-0.59667703,0.22188944,0.76868802,-0.54679858,-0.04987845,White
TX-138,185331,-0.0461771,0.35352958,0.63310233,0.52805375,0.47194625,0.07333601,0.36642164,0.00172285,0.00989203,0.03147074,139304,-0.27957275,0.37481004,0.60764959,-0.23283955,-0.0467332,White
TX-139,199387,0.02616338,0.26116301,0.72844626,0.6047077,0.3952923,0.1549482,0.19946453,0.00125763,0.01805417,0.02454978,154258,-0.46728325,0.27334058,0.71321993,-0.43987935,-0.0274039,White
TX-140,184947,-0.04815339,0.27495504,0.71340645,0.49640887,0.50359113,0.113597,0.35000254,0.00102914,0.02589524,0.02270635,137979,-0.43845141,0.299683,0.68834302,-0.38866002,-0.04979139,Minority
TX-141,185161,-0.04705202,0.67766414,0.30712262,0.17135306,0.82864694,0.44175171,0.24231701,0.00136554,0.14500404,0.01842743,136210,0.37054152,0.7227676,0.26501727,0.45775033,-0.08720881,Black
TX-142,184630,-0.04978486,0.48493401,0.47656469,0.31566037,0.68433963,0.14172082,0.18395949,0.00200112,0.35160161,0.013183,139422,0.00836932,0.54745849,0.43784591,0.10961258,-0.10124326,Asian
TX-143,186183,-0.04179221,0.51878553,0.43466739,0.21937125,0.78062875,0.22949176,0.22948439,0.00128994,0.31874102,0.01621642,135665,0.08411814,0.60648061,0.37934979,0.22713082,-0.14301268,Asian
TX-144,189850,-0.02291966,0.37375957,0.60102178,0.49904512,0.50095488,0.09616113,0.1905826,0.00130668,0.19839951,0.01626783,129335,-0.22726221,0.39562133,0.58914953,-0.1935282,-0.03373401,Minority
TX-145,190728,-0.01840095,0.42445123,0.55817039,0.51740994,0.48259006,0.12089127,0.26450283,0.00198279,0.08497202,0.02217714,152815,-0.13371916,0.48136651,0.48973796,-0.00837145,-0.12534771,White
TX-146,195444,0.00587037,0.21942132,0.77375404,0.63089332,0.36910668,0.17385797,0.15798101,0.00116733,0.01162986,0.02492999,161051,-0.55433272,0.24493378,0.74430878,-0.499375,-0.05495772,White
TX-147,201161,0.03529344,0.17098864,0.82386709,0.69219916,0.30780084,0.07346276,0.1974137,0.00121129,0.00851231,0.02991621,150253,-0.65287845,0.16800996,0.82194364,-0.65393368,0.00105523,White
TX-148,198592,0.02207184,0.29118995,0.69871338,0.51070144,0.48929856,0.07781067,0.35771571,0.00274867,0.0313094,0.03590936,141523,-0.40752343,0.29218757,0.69305753,-0.40086996,-0.00665347000000005,White
TX-149,199710,0.02782573,0.19018157,0.80277526,0.74875632,0.25124368,0.04237076,0.15630264,0.00183591,0.02182038,0.03005896,151968,-0.61259369,0.18848663,0.79948127,-0.61099464,-0.00159904999999994,White
TX-150,196241,0.00997221,0.35405924,0.63244473,0.64173112,0.35826888,0.07205251,0.18653357,0.00256229,0.07652624,0.02364298,145963,-0.27838549,0.3636956,0.62053998,-0.25684438,-0.02154111,White
UT-01,44417,0.01823533,0.494,0.47311111,0.50638025,0.49361975,0.03215774,0.36290478,0.03921129,0.04389227,0.03228599,31190,0.02088889,0.51974904,0.42884643,0.09090261,-0.07001372,White
UT-02,42497,-0.02577961,0.67958175,0.28329416,0.44285302,0.55714698,0.04444231,0.39325195,0.05302957,0.04966516,0.04658912,31209,0.39628759,0.69584811,0.26411052,0.43173759,-0.03545,Minority
UT-03,45264,0.03765234,0.48690304,0.48174019,0.51205456,0.48794544,0.01956264,0.37265072,0.03265777,0.04873051,0.03320206,31233,0.00516285,0.50486235,0.44452815,0.0603342,-0.05517135,White
UT-04,45460,0.04214553,0.49114243,0.47815133,0.48207437,0.51792563,0.02361556,0.36894158,0.04025739,0.07065648,0.03404444,31547,0.0129911,0.50971907,0.4422007,0.06751837,-0.05452727,Minority
UT-05,44648,0.02353088,0.49870112,0.47054694,0.54190411,0.45809589,0.02750248,0.31311943,0.04936819,0.05243434,0.03112611,32288,0.02815418,0.50808642,0.45018519,0.05790123,-0.02974705,White
UT-06,41586,-0.04666379,0.56168831,0.40967069,0.40685413,0.59314587,0.04079356,0.40513046,0.05029066,0.07773422,0.03869812,29588,0.15201762,0.58590484,0.36999801,0.21590683,-0.06388921,Minority
UT-07,42357,-0.02898904,0.56473776,0.41676021,0.84846591,0.15153409,0.00734237,0.0965444,0.00309317,0.02602637,0.01268512,32006,0.14797755,0.58437476,0.39300774,0.19136702,-0.04338947,White
UT-08,42221,-0.03210676,0.77916582,0.19044463,0.74669544,0.25330456,0.02897221,0.09606151,0.00847046,0.09697869,0.01801996,37070,0.58872119,0.78837114,0.18205468,0.60631646,-0.01759527,White
UT-09,44961,0.03070623,0.78096744,0.1814813,0.69257771,0.30742229,0.04405555,0.14218853,0.01246375,0.0789795,0.03202422,39314,0.59948614,0.8043704,0.1617425,0.6426279,-0.04314176,White
UT-10,43467,-0.0035429,0.78797653,0.19006723,0.846494,0.153506,0.0141848,0.05992649,0.00459427,0.05857693,0.01369666,34826,0.5979093,0.78312769,0.19135577,0.59177192,0.00613738,White
UT-11,45659,0.0467075,0.62939013,0.34586641,0.86355801,0.13644199,0.01200942,0.05326668,0.0061771,0.0494455,0.01154973,34806,0.28352372,0.61921226,0.35148815,0.26772411,0.01579961,White
UT-12,45282,0.03806498,0.69687298,0.27727052,0.82785651,0.17214349,0.01908603,0.07745179,0.00948621,0.04615297,0.01695589,35209,0.41960246,0.6880779,0.28037136,0.40770654,0.01189592,White
UT-13,45006,0.03173783,0.69303293,0.27500867,0.60775732,0.39224268,0.06301098,0.19363008,0.01684697,0.08921739,0.03462989,36327,0.41802426,0.69066013,0.27121412,0.41944601,-0.00142175000000006,White
UT-14,43965,0.00787348,0.5967529,0.37693775,0.76591411,0.23408589,0.02834275,0.12625147,0.01078631,0.04805072,0.02231848,34859,0.21981515,0.58033303,0.38141314,0.19891989,0.02089526,White
UT-15,44278,0.01504883,0.57690536,0.39402487,0.69578269,0.30421731,0.03163719,0.18326025,0.0173931,0.05382736,0.02660467,33979,0.18288049,0.56936202,0.38512081,0.18424121,-0.00136072,White
UT-16,45441,0.04170997,0.51957524,0.45224342,0.65429727,0.34570273,0.03055968,0.20486627,0.02907535,0.05785966,0.0294246,34359,0.06733182,0.51103609,0.44440405,0.06663204,0.000699779999999928,White
UT-17,44494,0.02000051,0.47383342,0.4969666,0.66852436,0.33147564,0.01751539,0.22087148,0.0271611,0.04847353,0.02749793,32657,-0.02313318,0.46454489,0.49004769,-0.0255028,0.00236962,White
UT-18,45432,0.04150365,0.42550573,0.54077919,0.7135285,0.2864715,0.0183081,0.1857008,0.02022725,0.04481067,0.02202455,32827,-0.11527346,0.41041595,0.54642105,-0.1360051,0.02073164,White
UT-19,44888,0.02903275,0.43361921,0.53819325,0.66546248,0.33453752,0.02157317,0.22547884,0.02641265,0.04972395,0.02222071,29342,-0.10457404,0.43675499,0.51963166,-0.08287667,-0.02169737,White
UT-20,45285,0.03813375,0.32039979,0.65153631,0.85924013,0.14075987,0.0103322,0.07265237,0.01183625,0.0330565,0.01288255,30584,-0.33113652,0.29852411,0.66041702,-0.36189291,0.03075639,White
UT-21,42974,-0.01484465,0.58109555,0.3946458,0.85578753,0.14421247,0.0119044,0.05792066,0.00655649,0.05000453,0.01272019,33097,0.18644975,0.56562595,0.40209154,0.16353441,0.02291534,White
UT-22,44204,0.01335242,0.5122516,0.45726749,0.74828403,0.25171597,0.01780415,0.14195366,0.01339808,0.05569044,0.02200042,33363,0.05498411,0.50735074,0.44929493,0.05805581,-0.0030717,White
UT-23,44213,0.01355874,0.50834567,0.4661651,0.85100243,0.14899757,0.01148238,0.06075334,0.00917375,0.04878493,0.0140644,32920,0.04218057,0.49692858,0.46934238,0.0275862,0.01459437,White
UT-24,44877,0.02878058,0.36992284,0.60315441,0.82785074,0.17214926,0.01113907,0.06806186,0.01319504,0.06658893,0.01110838,32588,-0.23323157,0.34665179,0.61574314,-0.26909135,0.03585978,White
UT-25,44501,0.02016098,0.45358659,0.51830063,0.7749099,0.2250901,0.01860305,0.11865454,0.01757337,0.05828042,0.01475888,29135,-0.06471404,0.43455573,0.52068173,-0.086126,0.02141196,White
UT-26,45158,0.03522235,0.32242899,0.65146915,0.80309933,0.19690067,0.01610647,0.1104136,0.01908383,0.03669692,0.01775657,27877,-0.32904016,0.30994547,0.64705271,-0.33710724,0.00806707999999995,White
UT-27,42992,-0.01443201,0.41163845,0.56308133,0.80921032,0.19078968,0.01933267,0.08754295,0.01172164,0.0570667,0.01833713,31139,-0.15144288,0.3996105,0.5661226,-0.1665121,0.01506922,White
UT-28,43851,0.00526009,0.52454952,0.44304027,0.70229512,0.29770488,0.02763759,0.21704518,0.00675919,0.02712689,0.030882,33288,0.08150925,0.51414667,0.43605704,0.07808963,0.00341962,White
UT-29,43482,-0.00319903,0.49072542,0.47714012,0.58918243,0.41081757,0.03701735,0.32130686,0.00740972,0.02473034,0.03948726,31985,0.0135853,0.51598911,0.4329818,0.08300731,-0.06942201,White
UT-30,43313,-0.00707326,0.22862227,0.74661922,0.82838369,0.17161631,0.01472009,0.09089738,0.0087934,0.02270824,0.03578561,31046,-0.51799695,0.21479766,0.73878046,-0.5239828,0.00598585,White
UT-31,45765,0.04913749,0.42302538,0.54186026,0.86676361,0.13323639,0.01045169,0.06731497,0.01454149,0.02747735,0.01469296,33009,-0.11883488,0.39739719,0.55515666,-0.15775947,0.03892459,White
UT-32,43776,0.00354076,0.43080438,0.53549359,0.78029122,0.21970878,0.01532389,0.12010349,0.02646854,0.04046569,0.02139374,30149,-0.10468921,0.41364861,0.5345206,-0.12087199,0.01618278,White
UT-33,44305,0.01566779,0.36410661,0.60446256,0.89900279,0.10099721,0.01047577,0.04841688,0.0077561,0.02471208,0.01017359,29783,-0.24035595,0.32973865,0.62484141,-0.29510276,0.05474681,White
UT-34,44360,0.01692864,0.3117975,0.65610107,0.89679969,0.10320031,0.0074757,0.05667296,0.00669253,0.02093197,0.01156954,28091,-0.34430357,0.281978,0.66930805,-0.38733005,0.04302648,White
UT-35,42985,-0.01459248,0.37338929,0.59476672,0.8081159,0.1918841,0.02366592,0.10079323,0.01127573,0.03848171,0.02274813,30508,-0.22137743,0.35057743,0.60152404,-0.25094661,0.02956918,White
UT-36,41908,-0.03928212,0.36871389,0.59647621,0.70873887,0.29126113,0.03452901,0.17529319,0.0132751,0.04739141,0.02998934,29077,-0.22776232,0.36180833,0.58578152,-0.22397319,-0.00378912999999992,White
UT-37,43548,-0.00168602,0.28493912,0.6881507,0.84962326,0.15037674,0.01411004,0.0764501,0.00916975,0.0368567,0.01674012,28136,-0.40321158,0.25412161,0.70098534,-0.44686373,0.04365215,White
UT-38,41625,-0.04576974,0.34250045,0.62354502,0.76155691,0.23844309,0.02456752,0.14057276,0.01446431,0.04175752,0.02547609,27516,-0.28104457,0.33140998,0.61291511,-0.28150513,0.00046056,White
UT-39,43995,0.00856121,0.38893219,0.57791634,0.80229885,0.19770115,0.02491457,0.12202547,0.0091954,0.02848711,0.02140416,32190,-0.18898415,0.37595817,0.57926798,-0.20330981,0.01432566,White
UT-40,44709,0.02492927,0.36063261,0.60879534,0.76696008,0.23303992,0.01886199,0.15218485,0.0075448,0.03388871,0.0268469,31810,-0.24816273,0.35095359,0.60092603,-0.24997244,0.00180971,White
UT-41,44872,0.02866596,0.24890472,0.72779757,0.85457631,0.14542369,0.01239352,0.08989304,0.00489976,0.02164863,0.02068789,31226,-0.47889285,0.23363102,0.73351534,-0.49988432,0.02099147,White
UT-42,44880,0.02884935,0.45655833,0.50291338,0.81294604,0.18705396,0.01713365,0.103996,0.00869179,0.03873816,0.02099359,36011,-0.04635505,0.43515726,0.50347757,-0.06832031,0.02196526,White
UT-43,44297,0.0154844,0.26559174,0.70293039,0.83255911,0.16744089,0.00835471,0.11644595,0.00731471,0.01917077,0.0180961,28846,-0.43733865,0.23572467,0.71995789,-0.48423322,0.04689457,White
UT-44,43977,0.00814857,0.25529469,0.71105805,0.88363363,0.11636637,0.00747338,0.07258395,0.0045045,0.01805214,0.01501502,29304,-0.45576336,0.22858482,0.72591378,-0.49732896,0.0415656,White
UT-45,44706,0.0248605,0.29050967,0.68120605,0.90145974,0.09854026,0.00766602,0.0577826,0.00373718,0.01475708,0.01306417,31307,-0.39069638,0.27433337,0.68823699,-0.41390362,0.02320724,White
UT-46,41803,-0.04168918,0.24268741,0.72200219,0.87145248,0.12854752,0.00725194,0.07966669,0.00446273,0.01840876,0.01941985,28682,-0.47931478,0.23244147,0.73032658,-0.49788511,0.01857033,White
UT-47,41683,-0.04444012,0.16980861,0.79110048,0.86710846,0.13289154,0.00486446,0.0893581,0.00338398,0.01586238,0.02164334,28369,-0.62129187,0.15555322,0.80774085,-0.65218763,0.03089576,White
UT-48,45616,0.04572175,0.32869242,0.64523859,0.85640307,0.14359693,0.01192027,0.06735279,0.00791428,0.04087415,0.01341845,30704,-0.31654617,0.32612829,0.63568358,-0.30955529,-0.00699087999999992,White
UT-49,42533,-0.02495433,0.28335156,0.69910698,0.82144537,0.17855463,0.00968804,0.11954852,0.01044051,0.01646026,0.02514501,31895,-0.41575542,0.27399926,0.69634915,-0.42234989,0.00659446999999991,White
UT-50,43482,-0.00319903,0.2581731,0.72287546,0.82641841,0.17358159,0.0141035,0.10112887,0.01753409,0.02116992,0.02240141,34105,-0.46470236,0.24778559,0.72171491,-0.47392932,0.00922696,White
UT-51,42189,-0.03284035,0.18555793,0.79624271,0.8409604,0.1590396,0.00713134,0.09621932,0.01626949,0.02003225,0.01992474,27905,-0.61068478,0.18179085,0.78769354,-0.60590269,-0.00478209000000007,White
UT-52,42743,-0.0201402,0.2200206,0.76226571,0.86104848,0.13895152,0.00632594,0.08342728,0.01049104,0.01600276,0.02229738,31932,-0.54224511,0.22398824,0.74932243,-0.52533419,-0.01691092,White
UT-53,43355,-0.00611044,0.12970208,0.85344568,0.86781216,0.13218784,0.00442579,0.09118422,0.00384002,0.01086921,0.0257737,30729,-0.7237436,0.12522934,0.85209578,-0.72686644,0.00312284000000007,White
UT-54,41829,-0.04109315,0.2015188,0.77454158,0.86483682,0.13516318,0.00719296,0.0857787,0.00894646,0.01066419,0.02383338,27944,-0.57302278,0.20543625,0.7568704,-0.55143415,-0.02158863,White
UT-55,42655,-0.02215755,0.3142963,0.65622188,0.80403488,0.19596512,0.01211866,0.12913733,0.01187349,0.01653182,0.02812511,28551,-0.34192558,0.31528113,0.63130965,-0.31602852,-0.02589706,White
UT-56,45278,0.03797328,0.12593832,0.85651248,0.82405781,0.17594219,0.00599954,0.0713315,0.00387815,0.01054062,0.0879711,30169,-0.73057416,0.1114025,0.8634218,-0.7520193,0.02144514,White
UT-57,45661,0.04675335,0.29408314,0.68563527,0.84700825,0.15299175,0.00621254,0.10740171,0.00298077,0.01352327,0.02353236,31871,-0.39155213,0.29096611,0.67958881,-0.3886227,-0.00292943,White
UT-58,41810,-0.04152871,0.34860494,0.63004536,0.71845924,0.28154076,0.00851037,0.06751135,0.00444571,0.01282906,0.19176908,31491,-0.28144042,0.36787399,0.60639223,-0.23851824,-0.04292218,White
UT-59,43019,-0.01381305,0.12704192,0.85071836,0.87460907,0.12539093,0.0076883,0.07551473,0.01039223,0.00811181,0.02332551,30696,-0.72367644,0.11861716,0.85608195,-0.73746479,0.01378835,White
UT-60,43798,0.0040451,0.2038282,0.77493256,0.87963201,0.12036799,0.00530751,0.07646037,0.00340968,0.00891019,0.02473623,31088,-0.57110436,0.19739405,0.773857,-0.57646295,0.00535859000000005,White
UT-61,42708,-0.02094256,0.2387977,0.72872822,0.81686317,0.18313683,0.00844274,0.12998847,0.01405884,0.01558374,0.01829881,26887,-0.48993052,0.21978439,0.72945447,-0.50967008,0.01973956,White
UT-62,41823,-0.04123069,0.19699959,0.77593247,0.86299017,0.13700983,0.0059204,0.10313197,0.00708987,0.00979425,0.01560501,27363,-0.57893288,0.17368265,0.78511292,-0.61143027,0.03249739,White
UT-63,42173,-0.03320714,0.30533947,0.65962851,0.80115263,0.19884737,0.00977234,0.13910367,0.01643041,0.01764748,0.02029639,27936,-0.35428904,0.28077522,0.66188866,-0.38111344,0.0268244,White
UT-64,41941,-0.03852561,0.20675278,0.76342624,0.82953303,0.17046697,0.00919363,0.11826171,0.01150217,0.01636224,0.0203718,24691,-0.55667346,0.18660429,0.7631766,-0.57657231,0.01989885,White
UT-65,42317,-0.02990602,0.25886624,0.70748394,0.83456194,0.16543806,0.01381122,0.09731401,0.01559058,0.02380952,0.01800542,23604,-0.4486177,0.22873497,0.71602748,-0.48729251,0.03867481,White
UT-66,42210,-0.03235893,0.28463132,0.68548636,0.83605895,0.16394105,0.01098324,0.08919847,0.01708056,0.03508984,0.01603069,24765,-0.40085504,0.25871109,0.68257783,-0.42386674,0.0230117,White
UT-67,42819,-0.01839794,0.30080008,0.6680443,0.82280928,0.17719072,0.01015767,0.08524106,0.0150091,0.04809733,0.01705579,26384,-0.36724422,0.27904576,0.66530812,-0.38626236,0.01901814,White
UT-68,42749,-0.02000265,0.236058,0.73414583,0.90308613,0.09691387,0.00634839,0.04377821,0.01236652,0.02249459,0.01203626,27251,-0.49808783,0.21189747,0.74191383,-0.53001636,0.03192853,White
UT-69,43718,0.00221114,0.30666974,0.65866605,0.83031014,0.16968986,0.00932104,0.10293378,0.01676446,0.02732607,0.01720034,29825,-0.35199631,0.27477929,0.66894061,-0.39416132,0.04216501,White
UT-70,44821,0.02749681,0.28284547,0.68486823,0.80869794,0.19130206,0.01146367,0.11634476,0.01869005,0.03015372,0.01750755,30444,-0.40202276,0.26133043,0.68458071,-0.42325028,0.02122752,White
UT-71,42259,-0.03123563,0.33842883,0.62444687,0.74788079,0.25211921,0.01170614,0.1710845,0.02075484,0.03310011,0.02280678,29728,-0.28601804,0.30784887,0.63323244,-0.32538357,0.03936553,White
UT-72,43405,-0.00496421,0.3481842,0.61631099,0.70137835,0.29862165,0.01790305,0.20411956,0.02477931,0.03589902,0.02459346,32285,-0.26812679,0.32536132,0.61470521,-0.28934389,0.0212171,White
UT-73,41727,-0.04343144,0.3514979,0.61183408,0.70549233,0.29450767,0.01820881,0.1982187,0.02668646,0.03826489,0.02513607,30315,-0.26033618,0.33366822,0.60699485,-0.27332663,0.01299045,White
UT-74,41720,-0.04359191,0.4161314,0.54587998,0.69661781,0.30338219,0.01925431,0.20224484,0.02286635,0.04301621,0.02797098,33499,-0.12974858,0.41874442,0.50296435,-0.08421993,-0.04552865,White
UT-75,41891,-0.03967183,0.38901734,0.57290462,0.82066896,0.17933104,0.01340248,0.08222132,0.02077385,0.0509877,0.01523804,34322,-0.18388728,0.36607083,0.57755908,-0.21148825,0.02760097,White
VA-001,85686,-0.00727496,0.58076369,0.39365761,0.74811871,0.25188129,0.07040701,0.04774994,0.00108863,0.1164968,0.01371671,73487,0.18710608,0.59438958,0.37735007,0.21703951,-0.02993343,White
VA-002,84243,-0.023993,0.51381186,0.47559597,0.51208298,0.48791702,0.42586646,0.0407791,0.0009799,0.01156287,0.01519606,66333,0.03821589,0.53416831,0.45350665,0.08066166,-0.04244577,White
VA-003,83779,-0.02936872,0.27924302,0.71304038,0.74561907,0.25438093,0.20017656,0.03316413,0.00050026,0.00584124,0.01522843,67965,-0.43379736,0.2915033,0.69857403,-0.40707073,-0.02672663,White
VA-004,86935,0.00719548,0.44443087,0.53531998,0.64282384,0.35717616,0.26852153,0.04198166,0.00169566,0.02657943,0.01930224,70769,-0.09088911,0.4903813,0.47743304,0.01294826,-0.10383737,White
VA-005,85753,-0.00649872,0.74121432,0.23577386,0.71147409,0.28852591,0.12779926,0.05677883,0.00131306,0.08938878,0.01450133,69304,0.50544046,0.7524655,0.22824103,0.52422447,-0.01878401,White
VA-006,88271,0.02267386,0.62082009,0.35952581,0.73267701,0.26732299,0.10455411,0.06231795,0.00127437,0.08392617,0.01429812,71408,0.26129428,0.62319603,0.35579395,0.26740208,-0.00610779999999994,White
VA-007,84643,-0.01935875,0.67034851,0.31656171,0.34673173,0.65326827,0.54178965,0.07936696,0.00355972,0.02337551,0.01950431,67421,0.3537868,0.70224259,0.28528401,0.41695858,-0.06317178,Black
VA-008,86426,0.0012984,0.49015519,0.49961203,0.46459591,0.53540409,0.486932,0.03212054,0.0018139,0.00823536,0.01441849,75528,-0.00945684,0.52721621,0.46234339,0.06487282,-0.07432966,Black
VA-009,87188,0.01012664,0.38300781,0.60957031,0.61640792,0.38359208,0.34239538,0.0214404,0.00087743,0.00683545,0.01341617,70661,-0.2265625,0.41172309,0.57963682,-0.16791373,-0.05864877,White
VA-010,84456,-0.02152526,0.5979549,0.3865335,0.45790378,0.54209622,0.46505779,0.03847235,0.00193689,0.02586692,0.02032177,64020,0.2114214,0.61548868,0.3668059,0.24868278,-0.03726138,Black
VA-011,84470,-0.02136306,0.39248187,0.59493858,0.65890489,0.34109511,0.28086839,0.02481726,0.00163406,0.01454604,0.02121358,68541,-0.20245671,0.40233006,0.583818,-0.18148794,-0.02096877,White
VA-012,83105,-0.03717743,0.35239284,0.63303951,0.7856194,0.2143806,0.10569972,0.04229225,0.00291937,0.04524251,0.02018845,64740,-0.28064667,0.3317518,0.64982439,-0.31807259,0.03742592,White
VA-013,83260,-0.03538166,0.54484981,0.43911088,0.54163813,0.45836187,0.33949832,0.05692012,0.00406106,0.04600907,0.02358352,61314,0.10573893,0.5506926,0.42952894,0.12116366,-0.01542473,White
VA-014,85214,-0.01274337,0.62759007,0.35675618,0.43333946,0.56666054,0.43315574,0.07367261,0.0031539,0.04839549,0.02584359,65316,0.27083389,0.65357744,0.32663573,0.32694171,-0.05610782,Minority
VA-015,83476,-0.03287917,0.51315992,0.47398799,0.56666212,0.43333788,0.29154356,0.08395836,0.00230313,0.04527479,0.02089489,65997,0.03917193,0.53693512,0.44629615,0.09063897,-0.05146704,White
VA-016,83564,-0.03185963,0.45059108,0.53149794,0.81194647,0.18805353,0.06814224,0.04794368,0.00303648,0.05209651,0.01638807,67183,-0.08090686,0.4182697,0.55908652,-0.14081682,0.05990996,White
VA-017,82677,-0.04213607,0.50288168,0.48052092,0.62408182,0.37591818,0.20127073,0.09274756,0.00584224,0.06472958,0.02711917,64530,0.02236076,0.54720244,0.43054425,0.11665819,-0.09429743,White
VA-018,82971,-0.0387299,0.50330468,0.4798484,0.57670477,0.42329523,0.20823104,0.0736322,0.00456585,0.12768752,0.0219849,63953,0.02345628,0.50670475,0.47126871,0.03543604,-0.01197976,White
VA-019,82526,-0.0438855,0.53532797,0.44652451,0.52047868,0.47952132,0.25051514,0.06677762,0.00475511,0.1531463,0.01962276,63090,0.08880346,0.54141759,0.43524823,0.10616936,-0.0173659,White
VA-020,87632,0.01527065,0.5648005,0.41607503,0.53276621,0.46723379,0.27462599,0.09180111,0.00523614,0.09049575,0.02543268,68180,0.14872547,0.5897952,0.38600351,0.20379169,-0.05506622,White
VA-021,84823,-0.01727334,0.66771568,0.31600651,0.40022938,0.59977062,0.52901598,0.0369906,0.002936,0.02049086,0.02232587,65395,0.35170917,0.67499308,0.30500843,0.36998465,-0.01827548,Black
VA-022,83910,-0.02785101,0.78641498,0.19241838,0.41380169,0.58619831,0.48598884,0.04957007,0.00295897,0.044824,0.01724113,68267,0.5939966,0.8100774,0.16870702,0.64137038,-0.04737378,Black
VA-023,84154,-0.02502412,0.7085518,0.27587158,0.34327628,0.65672372,0.50762547,0.0836278,0.00506325,0.05832683,0.02309822,65373,0.43268022,0.72562651,0.25544076,0.47018575,-0.03750553,Black
VA-024,85221,-0.01266227,0.59110799,0.3863885,0.52809021,0.47190979,0.27731092,0.12651009,0.00673705,0.05560583,0.03015155,69615,0.20471949,0.61342137,0.3593575,0.25406387,-0.04934438,White
VA-025,82691,-0.04197387,0.426967,0.55469109,0.73069117,0.26930883,0.12490611,0.05372753,0.00442669,0.07093887,0.02120655,62575,-0.12772409,0.42314124,0.554112,-0.13097076,0.00324667,White
VA-026,85366,-0.01098235,0.67306569,0.31007339,0.40180967,0.59819033,0.50898873,0.04780574,0.00362232,0.03175124,0.02556496,67084,0.3629923,0.6920707,0.28879866,0.40327204,-0.04027974,Black
VA-027,82824,-0.04043299,0.68307692,0.2994105,0.39883366,0.60116634,0.46194967,0.08264613,0.00402448,0.05079958,0.02315975,65847,0.38366642,0.69055525,0.28960818,0.40094707,-0.01728065,Black
VA-028,82855,-0.04007383,0.63173357,0.35069808,0.41367621,0.58632379,0.48689543,0.06036887,0.00345141,0.03010739,0.02174081,64901,0.28103549,0.66122643,0.31851685,0.34270958,-0.06167409,Black
VA-029,82671,-0.04220559,0.63466659,0.34675272,0.43016698,0.56983302,0.39303815,0.11043325,0.00532228,0.06437571,0.02414883,62943,0.28791387,0.63924354,0.3401257,0.29911784,-0.01120397,Minority
VA-030,85126,-0.0137629,0.54683281,0.43422973,0.71072512,0.28927488,0.18143707,0.05086419,0.00217478,0.04014766,0.0176272,69892,0.11260308,0.53565147,0.44509732,0.09055415,0.02204893,White
VA-031,86364,0.00058009,0.71134087,0.27516836,0.33799822,0.66200178,0.59687686,0.03371505,0.0011749,0.01311719,0.02562463,67240,0.43617251,0.71787638,0.26972728,0.4481491,-0.01197659,Black
VA-032,86170,-0.00166752,0.55774502,0.41966946,0.74591231,0.25408769,0.09139769,0.05239811,0.00099921,0.094577,0.0109005,66052,0.13807556,0.53591772,0.44314957,0.09276815,0.04530741,White
VA-033,85582,-0.00847986,0.57125197,0.40618116,0.54323749,0.45676251,0.17124956,0.05773679,0.00127147,0.21201305,0.01343464,65279,0.16507081,0.574497,0.40810135,0.16639565,-0.00132484,White
VA-034,83838,-0.02868517,0.69320827,0.28769699,0.48560716,0.51439284,0.35593553,0.0780872,0.00151185,0.06626451,0.01948778,66144,0.40551128,0.70736593,0.27542619,0.43193974,-0.02642846,Minority
VA-035,86767,0.00524909,0.85722875,0.11252428,0.44476372,0.55523628,0.45515791,0.04494521,0.00158113,0.04776374,0.01572876,72733,0.74470447,0.8838965,0.09482739,0.78906911,-0.04436464,Black
VA-036,86291,-0.00026566,0.76379593,0.20918852,0.64038968,0.35961032,0.24296081,0.05151608,0.0016437,0.05397496,0.01420534,74831,0.55460741,0.74661566,0.22805228,0.51856338,0.03604403,White
VA-037,88010,0.01965001,0.73591226,0.24289314,0.32078787,0.67921213,0.45730571,0.18929739,0.00123774,0.02748999,0.02148467,65442,0.49301912,0.75721061,0.22623887,0.53097174,-0.03795262,Black
VA-038,87901,0.01838718,0.51601029,0.46351672,0.79577849,0.20422151,0.09069267,0.03930369,0.00133438,0.05809122,0.01387457,65948,0.05249357,0.46866386,0.51053605,-0.04187219,0.09436576,White
VA-039,88186,0.02168908,0.61127785,0.37233553,0.4686093,0.5313907,0.35196256,0.12926797,0.00162378,0.03796702,0.02215727,67743,0.23894232,0.63014841,0.3532098,0.27693861,-0.03799629,Minority
VA-040,87930,0.01872317,0.54558869,0.43844158,0.49698818,0.50301182,0.30016538,0.14767779,0.00177523,0.0445021,0.02294142,65907,0.10714711,0.54458811,0.44052409,0.10406402,0.00308309,Minority
VA-041,86969,0.00758939,0.42691661,0.55824746,0.67737329,0.32262671,0.22526003,0.04340768,0.00175855,0.03825227,0.0190585,66532,-0.13133085,0.38201772,0.60088598,-0.21886826,0.08753741,White
VA-042,84771,-0.01787579,0.40406666,0.58067831,0.70578213,0.29421787,0.14720273,0.08913135,0.00204774,0.03268566,0.02690197,63973,-0.17661165,0.40962481,0.569482,-0.15985719,-0.01675446,White
VA-043,84158,-0.02497778,0.56269704,0.4185019,0.58505155,0.41494845,0.23656336,0.1129306,0.00267161,0.05019487,0.02407594,63632,0.14419514,0.57375805,0.40376564,0.16999241,-0.02579727,White
VA-044,84613,-0.01970632,0.63649979,0.34450146,0.59610544,0.40389456,0.29806026,0.06217125,0.00067823,0.02571252,0.02126633,66349,0.29199833,0.64035872,0.33780379,0.30255493,-0.0105566,White
VA-045,82663,-0.04229827,0.3915937,0.59416229,0.7988128,0.2011872,0.10207759,0.04629153,0.00163542,0.03361701,0.01953421,66038,-0.20256859,0.40421953,0.57608467,-0.17186514,-0.03070345,White
VA-046,85779,-0.00619749,0.37428769,0.60817419,0.87051772,0.12948228,0.0469659,0.02612799,0.00096716,0.0330593,0.01910875,68241,-0.2338865,0.37568086,0.60406288,-0.22838202,-0.00550448,White
VA-047,85941,-0.00432062,0.15323674,0.84021968,0.94343612,0.05656388,0.02493295,0.00881239,0.00078049,0.00500929,0.01477245,70469,-0.68698294,0.16481494,0.82628298,-0.66146804,-0.0255149,White
VA-048,83570,-0.03179012,0.16915923,0.82415483,0.9178486,0.0821514,0.04348334,0.01338061,0.0010506,0.0045818,0.01717446,68532,-0.6549956,0.18133917,0.80976289,-0.62842372,-0.02657188,White
VA-049,84037,-0.02637964,0.22943693,0.76150485,0.93095654,0.06904346,0.02548032,0.01400244,0.00088066,0.00736816,0.01962396,68131,-0.53206792,0.23225564,0.75360992,-0.52135428,-0.01071364,White
VA-050,87949,0.01894329,0.2613828,0.72643587,0.88141192,0.11858808,0.06472019,0.02669497,0.00112459,0.0066632,0.01764201,71137,-0.46505307,0.27421676,0.71139298,-0.43717622,-0.02787685,White
VA-051,84366,-0.02256797,0.22353966,0.76755091,0.89988661,0.10011339,0.04430825,0.0298259,0.00087554,0.00572692,0.01797017,69671,-0.54401125,0.23013517,0.75698694,-0.52685177,-0.01715948,White
VA-052,86048,-0.00308096,0.19642235,0.79418686,0.93665941,0.06334059,0.02338153,0.01223854,0.00056219,0.00562195,0.0188119,69371,-0.59776451,0.20931782,0.77746936,-0.56815154,-0.02961297,White
VA-053,83173,-0.03638961,0.26471646,0.72352307,0.76092175,0.23907825,0.1843945,0.02329873,0.00076512,0.01143183,0.01834794,66656,-0.45880661,0.28708694,0.69493285,-0.40784591,-0.0509607,White
VA-054,85256,-0.01225677,0.32293259,0.66725989,0.71924811,0.28075189,0.22658437,0.02476356,0.00098701,0.00883887,0.01990218,67882,-0.3443273,0.34261276,0.64327824,-0.30066548,-0.04366182,White
VA-055,88486,0.02516477,0.40220027,0.58358211,0.77807056,0.22192944,0.15420781,0.03009542,0.00141462,0.01612948,0.01965217,72104,-0.18138184,0.40888401,0.57426195,-0.16537794,-0.0160039,White
VA-056,88263,0.02258118,0.36898092,0.61628727,0.7336263,0.2663737,0.13843548,0.08773031,0.00188338,0.01860017,0.02349111,68494,-0.24730635,0.3889005,0.59421622,-0.20531572,-0.04199063,White
VA-057,86478,0.00190085,0.24406896,0.74330337,0.87768134,0.12231866,0.06510696,0.01979623,0.00059505,0.01431018,0.01864968,68902,-0.49923441,0.25354769,0.72850848,-0.47496079,-0.02427362,White
VA-058,87083,0.00891015,0.31062791,0.67537366,0.8690147,0.1309853,0.07065379,0.02128263,0.00130446,0.01318644,0.02253038,70527,-0.36474575,0.31588809,0.66686539,-0.3509773,-0.01376845,White
VA-059,89167,0.03305457,0.23648245,0.75166355,0.90838318,0.09161682,0.04314586,0.0239839,0.00135573,0.00599597,0.01653435,71548,-0.5151811,0.24348404,0.74065101,-0.49716697,-0.01801413,White
VA-060,85269,-0.01210616,0.41245238,0.57145967,0.82468075,0.17531925,0.09535678,0.04429164,0.0011729,0.01419209,0.01947014,68207,-0.15900729,0.41285076,0.56620411,-0.15335335,-0.00565393999999991,White
VA-061,87059,0.00863209,0.49018735,0.48726443,0.72148674,0.27851326,0.07124558,0.15668875,0.00163158,0.04396674,0.01582917,69871,0.00292292,0.51386756,0.46128052,0.05258704,-0.04966412,White
VA-062,85358,-0.01107504,0.28115796,0.70504337,0.88042225,0.11957775,0.05046043,0.03662499,0.00100322,0.01338624,0.01694991,66785,-0.42388541,0.29539806,0.68664568,-0.39124762,-0.03263779,White
VA-063,84965,-0.01562818,0.29308005,0.69146455,0.86191313,0.13808687,0.03966788,0.05806045,0.00088585,0.0148642,0.0233473,66603,-0.3983845,0.29977025,0.6810466,-0.38127635,-0.01710815,White
VA-064,88756,0.02829288,0.34943104,0.63495688,0.8178654,0.1821346,0.04903624,0.08745503,0.00128696,0.02426219,0.02056217,68378,-0.28552584,0.35323394,0.62749375,-0.27425981,-0.01126603,White
VA-065,82601,-0.04301658,0.31253013,0.67634183,0.80909214,0.19090786,0.12501691,0.02414348,0.00145823,0.01247764,0.02757107,66519,-0.3638117,0.32426021,0.65821004,-0.33394983,-0.02986187,White
VA-066,86723,0.00473933,0.34374631,0.64274268,0.82179715,0.17820285,0.09971827,0.02588968,0.00155694,0.02483689,0.02298339,67440,-0.29899637,0.33740333,0.64438177,-0.30697844,0.00798207,White
VA-067,87978,0.01927928,0.41558821,0.57020911,0.71854492,0.28145508,0.20215278,0.04017269,0.00147768,0.01687745,0.02217973,69027,-0.1546209,0.41708695,0.56568633,-0.14859938,-0.00602151999999995,White
VA-068,85584,-0.00845669,0.39334019,0.59230008,0.70895371,0.29104629,0.20879439,0.04003244,0.00186837,0.01706158,0.02479578,69044,-0.19895989,0.40966484,0.5732035,-0.16353866,-0.03542123,White
VA-069,84957,-0.01572087,0.78649645,0.1874367,0.71429244,0.28570756,0.05567506,0.109152,0.00157008,0.10620025,0.01508847,63691,0.59905975,0.78248588,0.19336681,0.58911907,0.00994068,White
VA-070,84671,-0.01903436,0.77758293,0.19106482,0.64896007,0.35103993,0.07636216,0.09667459,0.00204964,0.16578418,0.01330951,76111,0.58651811,0.79746621,0.17533065,0.62213556,-0.03561745,White
VA-071,83748,-0.02972788,0.76212156,0.20489668,0.47326353,0.52673647,0.16395812,0.2159711,0.00265448,0.13940422,0.02321192,67810,0.55722488,0.83602268,0.14528407,0.69073861,-0.13351373,Minority
VA-072,88510,0.02544282,0.3830239,0.600098,0.78692302,0.21307698,0.0826741,0.08224848,0.0020841,0.02572833,0.0227196,68135,-0.2170741,0.39523123,0.5829478,-0.18771657,-0.02935753,White
VA-073,89016,0.03130514,0.524026,0.45595919,0.56846796,0.43153204,0.24081676,0.1172799,0.00367787,0.05887649,0.02609611,65527,0.06806681,0.53094185,0.44697203,0.08396982,-0.01590301,White
VA-074,89699,0.03921812,0.56960213,0.40544476,0.43267654,0.56732346,0.2919515,0.18715395,0.00508831,0.07830431,0.02912246,64658,0.16415737,0.59162431,0.38836061,0.2032637,-0.03910633,Minority
VA-075,85951,-0.00420477,0.47584551,0.5033901,0.77435772,0.22564228,0.07146558,0.09665377,0.00173712,0.03407186,0.02174443,65626,-0.02754459,0.48345282,0.49500376,-0.01155094,-0.01599365,White
VA-076,89933,0.04192915,0.5510629,0.41977195,0.64871717,0.35128283,0.08487775,0.1376396,0.00212798,0.11497133,0.01643526,66260,0.13129095,0.5807587,0.39756705,0.18319165,-0.0519007,White
VA-077,89800,0.04038827,0.56393065,0.39579775,0.42907587,0.57092413,0.09422922,0.07437113,0.00243812,0.39433683,0.01138351,59472,0.1681329,0.63361887,0.34935491,0.28426396,-0.11613106,Minority
VA-078,86392,0.00090449,0.59022275,0.36468523,0.35417171,0.64582829,0.10088038,0.21497456,0.00198692,0.32270414,0.01776916,61905,0.22553752,0.70110351,0.28239377,0.41870974,-0.19317222,Minority
VA-079,87770,0.01686947,0.59454038,0.36826889,0.59553331,0.40446669,0.08665503,0.10868234,0.00203588,0.19628643,0.01353172,65328,0.22627149,0.63948223,0.33979903,0.2996832,-0.07341171,White
VA-080,88456,0.0248172,0.62193819,0.3373564,0.64088607,0.35911393,0.04121054,0.09474785,0.00168299,0.20756891,0.0107954,65954,0.28458179,0.62540361,0.34967822,0.27572539,0.00885639999999993,White
VA-081,85842,-0.0054676,0.51289292,0.46166803,0.48651995,0.51348005,0.12760588,0.24807988,0.00216308,0.12733942,0.02493809,63798,0.05122489,0.62739285,0.35826923,0.26912362,-0.21789873,Minority
VA-082,89729,0.03956569,0.49153201,0.47729568,0.59573938,0.40426062,0.12444175,0.12623127,0.00206962,0.13836889,0.01990259,64263,0.01423633,0.52512552,0.45169177,0.07343375,-0.05919742,White
VA-083,89309,0.03469973,0.66108608,0.3053163,0.2490222,0.7509778,0.33225281,0.29781308,0.00369812,0.12258595,0.02530856,65709,0.35576978,0.70535911,0.28348755,0.42187156,-0.06610178,Black
VA-084,89976,0.04242733,0.61203425,0.35101893,0.32099276,0.67900724,0.26373559,0.28677643,0.00289735,0.12483137,0.02537098,65232,0.26101532,0.64755113,0.33305054,0.31450059,-0.05348527,Minority
VA-085,87889,0.01824816,0.54417489,0.42815233,0.40265649,0.59734351,0.13868702,0.34141985,0.00193893,0.10758779,0.02683969,65500,0.11602256,0.61836833,0.3615496,0.25681873,-0.14079617,Minority
VA-086,89979,0.04246209,0.61252033,0.34776014,0.43223247,0.56776753,0.23441928,0.16791969,0.00359498,0.16134133,0.01939199,67038,0.26476019,0.66014605,0.32412038,0.33602567,-0.07126548,Minority
VA-087,90219,0.04524264,0.66850858,0.30325755,0.44665575,0.55334425,0.2174339,0.23213056,0.00341391,0.09502304,0.02170818,65321,0.36525103,0.72096215,0.2585717,0.46239045,-0.09713942,Minority
VA-088,88501,0.02533855,0.78126587,0.19038841,0.64101398,0.35898602,0.14153062,0.13965695,0.00265895,0.06674933,0.02004546,72585,0.59087746,0.77951792,0.19685056,0.58266736,0.0082101,White
VA-089,87809,0.01732131,0.74021698,0.22026872,0.37274631,0.62725369,0.29782627,0.19947072,0.00208033,0.12832923,0.01795873,70662,0.51994826,0.83489075,0.14841281,0.68647794,-0.16652968,Minority
VA-090,88400,0.0241684,0.6958157,0.27195794,0.52355448,0.47644552,0.17229613,0.16401751,0.00355621,0.13134934,0.01976791,69456,0.42385776,0.71455306,0.26364152,0.45091154,-0.02705378,White
VA-091,89150,0.03285762,0.63985735,0.31633898,0.40465654,0.59534346,0.15112075,0.2092697,0.00211135,0.22939986,0.01830803,69150,0.32351837,0.7358575,0.24752401,0.48833349,-0.16481512,Minority
VA-092,88550,0.02590625,0.65478601,0.30740854,0.37457413,0.62542587,0.08144384,0.31393914,0.00160068,0.22277373,0.02964932,68096,0.34737747,0.72853172,0.25451703,0.47401469,-0.12663722,Minority
VA-093,88619,0.02670565,0.65151806,0.31760865,0.5113539,0.4886461,0.05677674,0.17814647,0.0017434,0.24028417,0.01727419,68831,0.33390941,0.6837051,0.29440736,0.38929774,-0.05538833,White
VA-094,88782,0.02859411,0.63493467,0.3320169,0.56787973,0.43212027,0.08685661,0.12629729,0.00280861,0.20798726,0.01399799,66581,0.30291777,0.68293624,0.29684564,0.3860906,-0.08317283,White
VA-095,89971,0.04236941,0.62494626,0.33907231,0.53391002,0.46608998,0.09827422,0.09828847,0.0023799,0.25674424,0.01249804,70171,0.28587395,0.65776045,0.32006685,0.3376936,-0.05181965,White
VA-096,87268,0.01105349,0.59824264,0.36817608,0.44850275,0.55149725,0.08344897,0.13356609,0.00211868,0.32591797,0.01492025,67023,0.23006656,0.67552086,0.3052984,0.37022246,-0.1401559,Minority
VA-097,89619,0.03829127,0.70634532,0.2595615,0.6421116,0.3578884,0.08530613,0.10481028,0.0021407,0.15421424,0.01387956,71472,0.44678382,0.71729101,0.25893139,0.45835962,-0.0115758,White
VA-098,88629,0.02682151,0.65358322,0.30888202,0.36480997,0.63519003,0.10705365,0.19877524,0.00171527,0.32289128,0.01652072,66462,0.3447012,0.72655106,0.25499693,0.47155413,-0.12685293,Minority
VA-099,88977,0.0308533,0.66371357,0.3010122,0.54689956,0.45310044,0.06058224,0.09245997,0.00184862,0.28767103,0.01221252,68700,0.36270137,0.67046605,0.30579563,0.36467042,-0.00196905000000008,White
VA-100,89254,0.03406252,0.68379003,0.27768781,0.53503661,0.46496339,0.05721232,0.1174025,0.0020284,0.27918519,0.01097636,69513,0.40610222,0.69506946,0.28082266,0.4142468,-0.00814458,White
WI-01,58309,-0.02055188,0.59113974,0.39361226,0.91200916,0.08799084,0.01646251,0.03095592,0.00112192,0.02271322,0.01119634,43675,0.19752748,0.5933648,0.38923803,0.20412677,-0.00659929,White
WI-02,58466,-0.01791467,0.69173203,0.29061227,0.76890531,0.23109469,0.07378554,0.06812178,0.00149989,0.07031565,0.0179315,44670,0.40111976,0.68620535,0.29550142,0.39070393,0.01041583,White
WI-03,58627,-0.01521026,0.82319795,0.15771995,0.74083599,0.25916401,0.11584916,0.07160473,0.00160199,0.05225438,0.01806454,47441,0.665478,0.81889915,0.16622677,0.65267238,0.01280562,White
WI-04,56916,-0.04395086,0.8100871,0.17296375,0.72431776,0.27568224,0.09169177,0.11563188,0.00191071,0.04772288,0.02180461,44486,0.63712335,0.81363421,0.17076859,0.64286562,-0.00574227,White
WI-05,57062,-0.04149842,0.84811109,0.13318707,0.76112805,0.23887195,0.04965701,0.05634527,0.00161966,0.11703506,0.01467226,52480,0.71492402,0.88845117,0.09531708,0.79313409,-0.07821007,White
WI-06,60791,0.02113963,0.86063418,0.12193864,0.73909591,0.26090409,0.03842578,0.0470832,0.00075535,0.1586613,0.01225984,51632,0.73869554,0.87347007,0.11262524,0.76084483,-0.02214929,White
WI-07,58909,-0.01047335,0.90181176,0.07703823,0.24226757,0.75773243,0.67575964,0.06451247,0.00126984,0.01517007,0.01721088,44100,0.82477353,0.91811242,0.06672998,0.85138244,-0.02660891,Black
WI-08,59133,-0.0067107,0.84487198,0.13374338,0.3979566,0.6020434,0.50806825,0.04720876,0.00128502,0.03922477,0.01421951,47470,0.7111286,0.86433214,0.11851405,0.74581809,-0.03468949,Black
WI-09,60672,0.01914072,0.80195071,0.17849899,0.33093371,0.66906629,0.49833459,0.08135812,0.00167616,0.08451703,0.01742774,46535,0.62345172,0.84814624,0.13553696,0.71260928,-0.08915756,Black
WI-10,59433,-0.00167144,0.84610977,0.13739614,0.18504524,0.81495476,0.68092992,0.05482287,0.00120331,0.07862437,0.01333269,41552,0.70871363,0.85167248,0.13658937,0.71508311,-0.00636947999999993,Black
WI-11,59691,0.00266233,0.77256095,0.21023077,0.36349501,0.63650499,0.50420051,0.04571826,0.00174054,0.08022743,0.01566489,43090,0.56233018,0.76560328,0.21710925,0.54849403,0.01383615,Black
WI-12,60182,0.01090992,0.81010993,0.17218588,0.37350996,0.62649004,0.51582369,0.06367074,0.00152597,0.0391888,0.018179,45217,0.63792405,0.81624058,0.16730826,0.64893232,-0.01100827,Black
WI-13,59615,0.00138571,0.73266007,0.24580966,0.18952867,0.81047133,0.11469874,0.66166181,0.00179786,0.03802235,0.04613703,41160,0.48685041,0.78506615,0.19775577,0.58731038,-0.10045997,Hispanic
WI-14,61958,0.04074236,0.61644227,0.36381369,0.37290639,0.62709361,0.07919915,0.49073927,0.00154535,0.05179192,0.03813376,44003,0.25262858,0.65202654,0.33150937,0.32051717,-0.06788859,Hispanic
WI-15,58940,-0.00995263,0.66727981,0.30555811,0.70203369,0.29796631,0.04722306,0.1757077,0.0011418,0.05609893,0.02524883,46418,0.3617217,0.67232416,0.30853211,0.36379205,-0.00207034999999989,White
WI-16,58615,-0.01541183,0.37482458,0.61133775,0.85585204,0.14414796,0.05489134,0.06009692,0.00044438,0.00931079,0.01576486,47257,-0.23651317,0.38649124,0.59811946,-0.21162822,-0.02488495,White
WI-17,59269,-0.00442624,0.26747997,0.71800541,0.93353708,0.06646292,0.00697344,0.03150962,0.00058112,0.00841548,0.01276312,46462,-0.45052544,0.26952955,0.71686223,-0.44733268,-0.00319275999999991,White
WI-18,59130,-0.0067611,0.32393759,0.66160926,0.92252622,0.07747378,0.01749757,0.01998486,0.0009084,0.02357521,0.01061966,46235,-0.33767167,0.30751771,0.67973661,-0.3722189,0.03454723,White
WI-19,58880,-0.01096048,0.37437393,0.61216192,0.84980424,0.15019576,0.01097105,0.10667728,0.00064536,0.01206815,0.01714495,46486,-0.23778799,0.38655513,0.59659299,-0.21003786,-0.02775013,White
WI-20,60581,0.01761214,0.34030295,0.64592913,0.88420631,0.11579369,0.00991854,0.06607437,0.00090744,0.01272528,0.01766344,47386,-0.30562618,0.3554754,0.6277882,-0.2723128,-0.03331338,White
WI-21,57529,-0.03365397,0.3148688,0.67144477,0.91517337,0.08482663,0.01077373,0.04195158,0.00098942,0.00952046,0.01605066,45481,-0.35657597,0.31810958,0.66546773,-0.34735815,-0.00921782,White
WI-22,60478,0.015882,0.34891094,0.63626411,0.9330224,0.0669776,0.00813528,0.02483176,0.00104353,0.0153335,0.01135105,46956,-0.28735317,0.34379454,0.64016332,-0.29636878,0.00901561,White
WI-23,59243,-0.00486297,0.36083729,0.62379168,0.91597823,0.08402177,0.00947807,0.02811399,0.00070445,0.02967232,0.01048137,46845,-0.26295439,0.3581664,0.62687577,-0.26870937,0.00575498000000008,White
WI-24,61846,0.03886104,0.41650557,0.56779895,0.87936633,0.12063367,0.03074649,0.02477206,0.00070777,0.04744161,0.01153254,48038,-0.15129338,0.40090849,0.58263121,-0.18172272,0.03042934,White
WI-25,60401,0.01458858,0.38494413,0.60015758,0.9009796,0.0990204,0.01081508,0.03267403,0.00091512,0.03668809,0.0118134,48081,-0.21521345,0.38336143,0.60120395,-0.21784252,0.00262907000000007,White
WI-26,59004,-0.00887759,0.30033172,0.68600907,0.93556143,0.06443857,0.00556663,0.02854791,0.00049818,0.00903223,0.01319095,46168,-0.38567735,0.29826695,0.68610013,-0.38783318,0.00215583000000008,White
WI-27,62330,0.04699105,0.39682936,0.58662335,0.8865316,0.1134684,0.01247613,0.06655318,0.00083036,0.01033796,0.01509175,48172,-0.18979399,0.40025311,0.58036125,-0.18010814,-0.00968584999999994,White
WI-28,60399,0.01455499,0.33496319,0.63778706,0.91916672,0.08083328,0.01703889,0.0301426,0.00123735,0.00669385,0.02083207,49299,-0.30282387,0.34792607,0.63976132,-0.29183525,-0.01098862,White
WI-29,61070,0.02582614,0.36369331,0.62247038,0.93591124,0.06408876,0.0083009,0.01974828,0.00095222,0.01397284,0.0163327,48308,-0.25877707,0.36944476,0.61625434,-0.24680958,-0.01196749,White
WI-30,59818,0.00479561,0.36335268,0.62292387,0.89790357,0.10209643,0.02399684,0.03759944,0.00197776,0.01208632,0.02384301,45506,-0.25957119,0.37315716,0.60862309,-0.23546593,-0.02410526,White
WI-31,61881,0.03944895,0.33027698,0.65747032,0.91837225,0.08162775,0.0123442,0.03937339,0.00064022,0.00678231,0.01662565,49983,-0.32719334,0.33664866,0.64854669,-0.31189803,-0.01529531,White
WI-32,59587,0.00091538,0.33190733,0.6558913,0.84144532,0.15855468,0.00574255,0.02217443,0.00073126,0.00557049,0.12313152,46495,-0.32398397,0.33671743,0.64946418,-0.31274675,-0.01123722,White
WI-33,58226,-0.02194608,0.29904236,0.68864896,0.94237415,0.05762585,0.00400608,0.01542999,0.00030816,0.00609716,0.02304594,45431,-0.3896066,0.3051533,0.68200588,-0.37685258,-0.01275402,White
WI-34,59301,-0.00388872,0.30121303,0.68694071,0.92633854,0.07366146,0.00615231,0.01804124,0.00139258,0.0060276,0.03595777,48112,-0.38572768,0.31653685,0.67097064,-0.35443379,-0.03129389,White
WI-35,60328,0.01336236,0.32710738,0.65987802,0.94522272,0.05477728,0.00570422,0.0167142,0.00098566,0.01029695,0.01589632,47684,-0.33277064,0.33550387,0.65141606,-0.31591219,-0.01685845,White
WI-36,58014,-0.02550716,0.30107712,0.6816821,0.92913442,0.07086558,0.00533321,0.04365679,0.00049556,0.00615915,0.01113838,42376,-0.38060498,0.31049045,0.67020371,-0.35971326,-0.02089172,White
WI-37,60141,0.01022122,0.30918288,0.67807386,0.95034809,0.04965191,0.00355403,0.01498965,0.00200698,0.00635544,0.014467,47833,-0.36889098,0.31967261,0.66149931,-0.3418267,-0.02706428,White
WI-38,60371,0.01408466,0.3438201,0.6447174,0.93352268,0.06647732,0.01710515,0.01430768,0.00100367,0.01084821,0.01558896,46828,-0.3008973,0.35563092,0.62989709,-0.27426617,-0.02663113,White
WI-39,60897,0.02292017,0.34880959,0.63143119,0.94595457,0.05404543,0.00559384,0.0190148,0.00106347,0.00801855,0.01403777,47016,-0.2826216,0.36600284,0.61345661,-0.24745377,-0.03516783,White
WI-40,59633,0.00168807,0.54717808,0.43549895,0.89658141,0.10341859,0.0192768,0.02120869,0.0015959,0.03624375,0.0177859,47622,0.11167913,0.54687399,0.42712433,0.11974966,-0.00807053,White
WI-41,60220,0.01154823,0.55451591,0.43010421,0.88553236,0.11446764,0.01755741,0.02572025,0.00106472,0.04839248,0.01632568,47900,0.1244117,0.55538545,0.4223403,0.13304515,-0.00863344999999993,White
WI-42,60584,0.01766253,0.48266162,0.49486115,0.90564747,0.09435253,0.01828586,0.02684828,0.00136833,0.02581167,0.01766389,48234,-0.01219953,0.49328645,0.48076865,0.0125178,-0.02471733,White
WI-43,59451,-0.00136908,0.31949331,0.66601507,0.92589641,0.07410359,0.01813797,0.0277207,0.00048228,0.01151185,0.011407,47690,-0.34652176,0.32019665,0.66152777,-0.34133112,-0.00519064000000014,White
WI-44,58852,-0.01143081,0.29686708,0.69017464,0.93027519,0.06972481,0.01121463,0.0303442,0.00101363,0.01011473,0.01399672,46368,-0.39330756,0.29436182,0.69159084,-0.39722902,0.0039214600000001,White
WI-45,59979,0.00750002,0.32346663,0.66130899,0.93910382,0.06089618,0.00386436,0.03032869,0.00071643,0.0079241,0.01343841,46062,-0.33784236,0.32133641,0.6637292,-0.34239279,0.00455043,White
WI-46,57672,-0.03125192,0.32140549,0.66480883,0.93626776,0.06373224,0.00792701,0.02933671,0.00079044,0.00867228,0.01266966,44279,-0.34340334,0.32308425,0.65995852,-0.33687427,-0.00652907,White
WI-47,60313,0.0131104,0.31709834,0.66821874,0.90490352,0.09509648,0.00751168,0.02760155,0.0004626,0.00922989,0.04866067,45396,-0.3511204,0.32347546,0.66126522,-0.33778976,-0.01333064,White
WI-48,60892,0.02283618,0.39087561,0.5967427,0.90213216,0.09786784,0.01217144,0.02127843,0.00069058,0.0222064,0.0378523,46338,-0.20586709,0.39169857,0.59162944,-0.19993087,-0.00593622,White
WI-49,58082,-0.02436493,0.7712313,0.20754379,0.73431783,0.26568217,0.06651856,0.06895801,0.00117616,0.11600453,0.01393971,45912,0.56368751,0.77503307,0.20668988,0.56834319,-0.00465568000000005,White
WI-50,58164,-0.02298753,0.48122697,0.50447395,0.93078807,0.06921193,0.0062333,0.03650935,0.00102404,0.00712378,0.01300089,44920,-0.02324698,0.50051412,0.48342709,0.01708703,-0.04033401,White
WI-51,59581,0.0008146,0.67463184,0.30791381,0.89041602,0.10958398,0.02164756,0.03337242,0.00086851,0.03504429,0.01326646,46056,0.36671803,0.67990772,0.30137095,0.37853677,-0.01181874,White
WI-52,58233,-0.0218285,0.60512487,0.38033632,0.92264559,0.07735441,0.01479094,0.02867676,0.00123626,0.01624796,0.01145746,45298,0.22478855,0.60851142,0.3749342,0.23357722,-0.00878867,White
WI-53,59890,0.00600504,0.73929991,0.24126148,0.78753008,0.21246992,0.06707504,0.08545176,0.0008532,0.04399475,0.01612339,45710,0.49803843,0.738907,0.24241587,0.49649113,0.00154729999999992,White
WI-54,58471,-0.01783068,0.41516557,0.56915693,0.9400135,0.0599865,0.01441418,0.02059791,0.00037015,0.00953687,0.01051669,45927,-0.15399136,0.44333583,0.53905878,-0.09572295,-0.05826841,White
WI-55,57390,-0.03598883,0.52621695,0.45777566,0.90234419,0.09765581,0.02429596,0.03724181,0.00103387,0.01276605,0.01701391,44493,0.06844129,0.54646059,0.4349489,0.11151169,-0.0430704,White
WI-56,60486,0.01601638,0.53212103,0.44978606,0.86033012,0.13966988,0.02912802,0.07048567,0.00161134,0.02080278,0.01460533,48407,0.08233497,0.55122938,0.42970405,0.12152533,-0.03919036,White
WI-57,62133,0.04368193,0.52805615,0.45731345,0.72482714,0.27517286,0.10502091,0.12673126,0.00086169,0.01847376,0.02568252,47581,0.0707427,0.54626655,0.4360459,0.11022065,-0.03947795,White
WI-58,58490,-0.01751153,0.46938191,0.5152088,0.91932722,0.08067278,0.01989726,0.02928235,0.00088866,0.0087782,0.01536728,46137,-0.04582689,0.48451386,0.49977856,-0.0152647,-0.03056219,White
WI-59,60340,0.01356393,0.49466099,0.48910496,0.89404254,0.10595746,0.01319166,0.05372102,0.00108163,0.00888634,0.02279909,47151,0.00555603,0.51114181,0.47231065,0.03883116,-0.03327513,White
WI-60,60164,0.01060757,0.43194698,0.55213527,0.94453914,0.05546086,0.01088239,0.01765657,0.00091779,0.00607491,0.01212797,45762,-0.12018829,0.45173882,0.53267953,-0.08094071,-0.03924758,White
WI-61,61590,0.03456087,0.55570393,0.42936175,0.90865721,0.09134279,0.02105915,0.02187756,0.00083837,0.02956265,0.01341398,50097,0.12634218,0.575424,0.40487128,0.17055272,-0.04421054,White
WI-62,58329,-0.02021593,0.39117579,0.59624166,0.88319903,0.11680097,0.0130104,0.06016747,0.0007203,0.00634763,0.03576734,44426,-0.20506587,0.41252176,0.57167241,-0.15915065,-0.04591522,White
WI-63,62160,0.04413547,0.52225068,0.46427619,0.88603709,0.11396291,0.02149085,0.0202014,0.00100291,0.05378853,0.0134676,48858,0.05797449,0.53806687,0.44215147,0.0959154,-0.03794091,White
WI-64,59467,-0.00110032,0.32121001,0.64123089,0.92491762,0.07508238,0.0154214,0.0203752,0.00071076,0.00958453,0.02052596,46429,-0.32002088,0.3468975,0.63756703,-0.29066953,-0.02935135,White
WI-65,59369,-0.00274648,0.37369876,0.60568801,0.92875353,0.07124647,0.00994924,0.02104907,0.00087986,0.0134687,0.01606317,44325,-0.23198925,0.38996506,0.58644305,-0.19647799,-0.03551126,White
WI-66,61503,0.03309948,0.33900389,0.64828858,0.93308135,0.06691865,0.0063403,0.01513951,0.0008535,0.00579162,0.03141702,49209,-0.30928469,0.35437664,0.63192923,-0.27755259,-0.0317321,White
WI-67,60515,0.0165035,0.52585403,0.45489938,0.89433693,0.10566307,0.01372988,0.01285394,0.00087594,0.00820941,0.06160114,49090,0.07095465,0.5446185,0.43704475,0.10757375,-0.0366191,White
WI-68,56861,-0.04487473,0.4142845,0.57263134,0.86534422,0.13465578,0.0071031,0.01431449,0.00116941,0.00641012,0.10180393,46177,-0.15834684,0.43675531,0.55034913,-0.11359382,-0.04475302,White
WI-69,60892,0.02283618,0.39480868,0.59205459,0.92043446,0.07956554,0.00620654,0.01235417,0.00074636,0.00673685,0.04774718,50914,-0.19724591,0.40497875,0.58014572,-0.17516697,-0.02207894,White
WI-70,58694,-0.01408483,0.42203826,0.56334481,0.91782612,0.08217388,0.00873125,0.02125112,0.00071853,0.03155007,0.01565528,45927,-0.14130655,0.41844374,0.56455606,-0.14611232,0.00480577,White
WI-71,58531,-0.01682283,0.49926684,0.48473998,0.83316144,0.16683856,0.01917886,0.02734195,0.00129468,0.09424854,0.02040772,45571,0.01452686,0.49673898,0.48197858,0.0147604,-0.000233540000000032,White
WI-72,60886,0.02273539,0.50899017,0.47292085,0.89414837,0.10585163,0.01817922,0.03270628,0.00122419,0.03586877,0.0148331,49012,0.03606932,0.51612058,0.46112437,0.05499621,-0.01892689,White
WI-73,59226,-0.00514853,0.51096028,0.47186049,0.85769363,0.14230637,0.04926319,0.03429147,0.00141364,0.03229952,0.02066912,46688,0.03909979,0.51283576,0.46403674,0.04879902,-0.00969922999999995,White
WI-74,59396,-0.00229295,0.4782032,0.50675309,0.88476272,0.11523728,0.0258525,0.031337,0.00119319,0.03680057,0.01779322,47771,-0.02854989,0.47764649,0.4993536,-0.02170711,-0.00684278,White
WI-75,57890,-0.02759005,0.42280252,0.56289395,0.85299921,0.14700079,0.03648163,0.06851267,0.00120582,0.01909585,0.02054284,45612,-0.14009143,0.42899866,0.55305749,-0.12405883,-0.0160326,White
WI-76,58836,-0.01169958,0.53317899,0.45095892,0.83191554,0.16808446,0.03154417,0.05255203,0.0021159,0.05907246,0.02096468,46316,0.08222007,0.52775941,0.45164541,0.076114,0.00610607,White
WI-77,57682,-0.03108394,0.48280482,0.50224803,0.8857117,0.1142883,0.0168722,0.03855536,0.00090346,0.03329268,0.02215747,44274,-0.01944321,0.47873637,0.50220292,-0.02346655,0.00402334,White
WI-78,60316,0.01316079,0.49474564,0.48910318,0.84392398,0.15607602,0.02440221,0.06550628,0.00063992,0.04357842,0.01983746,46881,0.00564246,0.49555556,0.48133942,0.01421614,-0.00857368,White
WI-79,60102,0.00956612,0.5048321,0.47971093,0.85003392,0.14996608,0.03532355,0.0559961,0.00133576,0.02794504,0.02641845,47164,0.02512117,0.5005146,0.48037169,0.02014291,0.00497826,White
WI-80,58989,-0.00912955,0.5341188,0.44828997,0.65834346,0.34165654,0.06116435,0.19890224,0.00166464,0.04613758,0.04429298,44454,0.08582883,0.53874383,0.44003881,0.09870502,-0.01287619,White
WI-81,60775,0.02087087,0.49759332,0.48640464,0.79158736,0.20841264,0.04377617,0.06376094,0.00124773,0.03819312,0.06646788,47286,0.01118868,0.4913914,0.48976534,0.00162606,0.00956262,White
WI-82,59989,0.00766799,0.5046995,0.47888536,0.77735816,0.22264184,0.02840053,0.08644589,0.00159357,0.08736275,0.01800956,45809,0.02581414,0.50743751,0.47188586,0.03555165,-0.00973751000000006,White
WI-83,59594,0.00103296,0.42109301,0.56328823,0.87662064,0.12337936,0.01866897,0.04308385,0.0007998,0.03685385,0.01955296,47512,-0.14219522,0.41732333,0.5632289,-0.14590557,0.00371035000000008,White
WI-84,57721,-0.03042884,0.42304451,0.56355017,0.93919191,0.06080809,0.00607232,0.02724049,0.00074312,0.00588123,0.01445891,47099,-0.14050566,0.42125575,0.56319794,-0.14194219,0.00143653,White
WI-85,61889,0.03958333,0.41687513,0.56666589,0.92497777,0.07502223,0.01360657,0.02566223,0.00084783,0.01865216,0.0118282,48359,-0.14979076,0.4072324,0.57538439,-0.16815199,0.01836123,White
WI-86,56976,-0.04294301,0.59038775,0.39093492,0.74949442,0.25050558,0.14620153,0.03369823,0.00103315,0.05488877,0.01015563,45492,0.19945283,0.58276179,0.40076205,0.18199974,0.01745309,White
WI-87,60733,0.02016537,0.7611439,0.21784042,0.82271715,0.17728285,0.04956469,0.04739826,0.00188297,0.06017412,0.01054869,49390,0.54330348,0.76177496,0.22168637,0.54008859,0.00321489,White
WI-88,56687,-0.0477975,0.65940221,0.32111382,0.84463866,0.15536134,0.06166947,0.03587675,0.0012549,0.04127731,0.01228011,44625,0.33828839,0.63052812,0.34899635,0.28153177,0.05675662,White
WI-89,58990,-0.00911275,0.45824422,0.51810026,0.81204057,0.18795943,0.02462646,0.05073618,0.00098157,0.09597557,0.0101865,45845,-0.05985604,0.45160952,0.53220357,-0.08059405,0.02073801,White
WI-90,60109,0.0096837,0.46193973,0.52080783,0.80423348,0.19576652,0.03586578,0.10889115,0.00120896,0.03175108,0.01584373,47148,-0.0588681,0.45973668,0.5192994,-0.05956272,0.000694619999999979,White
WI-91,59874,0.00573628,0.55104498,0.42661762,0.72477295,0.27522705,0.07483692,0.14615014,0.00109067,0.03152463,0.03110515,47677,0.12442736,0.55366955,0.42599657,0.12767298,-0.00324561999999989,White
WI-92,60553,0.01714181,0.5154076,0.46388797,0.74755797,0.25244203,0.05838449,0.12186716,0.00116239,0.0544079,0.02290107,49037,0.05151963,0.51707719,0.46760065,0.04947654,0.00204309,White
WI-93,59390,-0.00239374,0.45934349,0.51298005,0.82219903,0.17780097,0.04731989,0.05741423,0.00076666,0.05839385,0.01386375,46957,-0.05363656,0.46867966,0.51786989,-0.04919023,-0.00444632999999994,White
WI-94,58146,-0.02328988,0.51540436,0.46668501,0.80758306,0.19241694,0.04008866,0.10173868,0.00092529,0.0266397,0.02446635,46472,0.04871935,0.51896973,0.46362203,0.0553477,-0.00662835,White
WI-95,59720,0.00314946,0.4600519,0.51938049,0.79315022,0.20684978,0.05976602,0.07994235,0.00112326,0.04743133,0.01769668,47184,-0.05932859,0.46816553,0.51442918,-0.04626365,-0.01306494,White
WI-96,60204,0.01127947,0.65296956,0.33130927,0.51522429,0.48477571,0.24567286,0.21762574,0.0015179,0.00967377,0.02317626,44140,0.32166029,0.66375886,0.31699226,0.3467666,-0.02510631,White
WI-97,59437,-0.00160425,0.50250907,0.48192261,0.73130458,0.26869542,0.12145539,0.10112639,0.0011824,0.02684257,0.0182961,48207,0.02058646,0.50856574,0.47430277,0.03426297,-0.01367651,White
WI-98,58461,-0.01799866,0.50448549,0.48024406,0.7325992,0.2674008,0.0919804,0.13499139,0.0014565,0.02083241,0.02286269,45314,0.02424143,0.51450356,0.46921929,0.04528427,-0.02104284,White
WI-99,58173,-0.02283635,0.53027431,0.45363184,0.68082927,0.31917073,0.10500205,0.1677666,0.00131992,0.03163261,0.02214282,43942,0.07664247,0.55122212,0.42929527,0.12192685,-0.04528438,White
